2025-04-30|Wed|ASC_PTB|ASC Part B|A||Apr|LW|N||EFT||||Y
2025-01-06|Mon|blbtn_clm_ext|Blue Button|W|MON|||N||EFT||||Y
2025-01-13|Mon|blbtn_clm_ext|Blue Button|W|MON|||N||EFT||||Y
2025-01-20|Mon|blbtn_clm_ext|Blue Button|W|MON|||N||EFT||||Y
2025-01-27|Mon|blbtn_clm_ext|Blue Button|W|MON|||N||EFT||||Y
2025-02-03|Mon|blbtn_clm_ext|Blue Button|W|MON|||N||EFT||||Y
2025-02-10|Mon|blbtn_clm_ext|Blue Button|W|MON|||N||EFT||||Y
2025-02-17|Mon|blbtn_clm_ext|Blue Button|W|MON|||N||EFT||||Y
2025-02-24|Mon|blbtn_clm_ext|Blue Button|W|MON|||N||EFT||||Y
2025-03-03|Mon|blbtn_clm_ext|Blue Button|W|MON|||N||EFT||||Y
2025-03-10|Mon|blbtn_clm_ext|Blue Button|W|MON|||N||EFT||||Y
2025-03-17|Mon|blbtn_clm_ext|Blue Button|W|MON|||N||EFT||||Y
2025-03-24|Mon|blbtn_clm_ext|Blue Button|W|MON|||N||EFT||||Y
2025-03-31|Mon|blbtn_clm_ext|Blue Button|W|MON|||N||EFT||||Y
2025-04-07|Mon|blbtn_clm_ext|Blue Button|W|MON|||N||EFT||||Y
2025-04-14|Mon|blbtn_clm_ext|Blue Button|W|MON|||N||EFT||||Y
2025-04-21|Mon|blbtn_clm_ext|Blue Button|W|MON|||N||EFT||||Y
2025-04-28|Mon|blbtn_clm_ext|Blue Button|W|MON|||N||EFT||||Y
2025-05-05|Mon|blbtn_clm_ext|Blue Button|W|MON|||N||EFT||||Y
2025-05-12|Mon|blbtn_clm_ext|Blue Button|W|MON|||N||EFT||||Y
2025-05-19|Mon|blbtn_clm_ext|Blue Button|W|MON|||N||EFT||||Y
2025-05-26|Mon|blbtn_clm_ext|Blue Button|W|MON|||N||EFT||||Y
2025-06-02|Mon|blbtn_clm_ext|Blue Button|W|MON|||N||EFT||||Y
2025-06-09|Mon|blbtn_clm_ext|Blue Button|W|MON|||N||EFT||||Y
2025-06-16|Mon|blbtn_clm_ext|Blue Button|W|MON|||N||EFT||||Y
2025-06-23|Mon|blbtn_clm_ext|Blue Button|W|MON|||N||EFT||||Y
2025-06-30|Mon|blbtn_clm_ext|Blue Button|W|MON|||N||EFT||||Y
2025-07-07|Mon|blbtn_clm_ext|Blue Button|W|MON|||N||EFT||||Y
2025-07-14|Mon|blbtn_clm_ext|Blue Button|W|MON|||N||EFT||||Y
2025-07-21|Mon|blbtn_clm_ext|Blue Button|W|MON|||N||EFT||||Y
2025-07-28|Mon|blbtn_clm_ext|Blue Button|W|MON|||N||EFT||||Y
2025-08-04|Mon|blbtn_clm_ext|Blue Button|W|MON|||N||EFT||||Y
2025-08-11|Mon|blbtn_clm_ext|Blue Button|W|MON|||N||EFT||||Y
2025-08-18|Mon|blbtn_clm_ext|Blue Button|W|MON|||N||EFT||||Y
2025-08-25|Mon|blbtn_clm_ext|Blue Button|W|MON|||N||EFT||||Y
2025-09-01|Mon|blbtn_clm_ext|Blue Button|W|MON|||N||EFT||||Y
2025-09-08|Mon|blbtn_clm_ext|Blue Button|W|MON|||N||EFT||||Y
2025-09-15|Mon|blbtn_clm_ext|Blue Button|W|MON|||N||EFT||||Y
2025-09-22|Mon|blbtn_clm_ext|Blue Button|W|MON|||N||EFT||||Y
2025-09-29|Mon|blbtn_clm_ext|Blue Button|W|MON|||N||EFT||||Y
2025-10-06|Mon|blbtn_clm_ext|Blue Button|W|MON|||N||EFT||||Y
2025-10-13|Mon|blbtn_clm_ext|Blue Button|W|MON|||N||EFT||||Y
2025-10-20|Mon|blbtn_clm_ext|Blue Button|W|MON|||N||EFT||||Y
2025-10-27|Mon|blbtn_clm_ext|Blue Button|W|MON|||N||EFT||||Y
2025-11-03|Mon|blbtn_clm_ext|Blue Button|W|MON|||N||EFT||||Y
2025-11-10|Mon|blbtn_clm_ext|Blue Button|W|MON|||N||EFT||||Y
2025-11-17|Mon|blbtn_clm_ext|Blue Button|W|MON|||N||EFT||||Y
2025-11-24|Mon|blbtn_clm_ext|Blue Button|W|MON|||N||EFT||||Y
2025-12-01|Mon|blbtn_clm_ext|Blue Button|W|MON|||N||EFT||||Y
2025-12-08|Mon|blbtn_clm_ext|Blue Button|W|MON|||N||EFT||||Y
2025-12-15|Mon|blbtn_clm_ext|Blue Button|W|MON|||N||EFT||||Y
2025-12-22|Mon|blbtn_clm_ext|Blue Button|W|MON|||N||EFT||||Y
2025-12-29|Mon|blbtn_clm_ext|Blue Button|W|MON|||N||EFT||||Y
2025-01-03|Fri|blbtn_drug_prvdr_ext|Blue Button|W|FRI|||N||EFT||||Y
2025-01-10|Fri|blbtn_drug_prvdr_ext|Blue Button|W|FRI|||N||EFT||||Y
2025-01-17|Fri|blbtn_drug_prvdr_ext|Blue Button|W|FRI|||N||EFT||||Y
2025-01-24|Fri|blbtn_drug_prvdr_ext|Blue Button|W|FRI|||N||EFT||||Y
2025-01-31|Fri|blbtn_drug_prvdr_ext|Blue Button|W|FRI|||N||EFT||||Y
2025-02-07|Fri|blbtn_drug_prvdr_ext|Blue Button|W|FRI|||N||EFT||||Y
2025-02-14|Fri|blbtn_drug_prvdr_ext|Blue Button|W|FRI|||N||EFT||||Y
2025-02-21|Fri|blbtn_drug_prvdr_ext|Blue Button|W|FRI|||N||EFT||||Y
2025-02-28|Fri|blbtn_drug_prvdr_ext|Blue Button|W|FRI|||N||EFT||||Y
2025-03-07|Fri|blbtn_drug_prvdr_ext|Blue Button|W|FRI|||N||EFT||||Y
2025-03-14|Fri|blbtn_drug_prvdr_ext|Blue Button|W|FRI|||N||EFT||||Y
2025-03-21|Fri|blbtn_drug_prvdr_ext|Blue Button|W|FRI|||N||EFT||||Y
2025-03-28|Fri|blbtn_drug_prvdr_ext|Blue Button|W|FRI|||N||EFT||||Y
2025-04-04|Fri|blbtn_drug_prvdr_ext|Blue Button|W|FRI|||N||EFT||||Y
2025-04-11|Fri|blbtn_drug_prvdr_ext|Blue Button|W|FRI|||N||EFT||||Y
2025-04-18|Fri|blbtn_drug_prvdr_ext|Blue Button|W|FRI|||N||EFT||||Y
2025-04-25|Fri|blbtn_drug_prvdr_ext|Blue Button|W|FRI|||N||EFT||||Y
2025-05-02|Fri|blbtn_drug_prvdr_ext|Blue Button|W|FRI|||N||EFT||||Y
2025-05-09|Fri|blbtn_drug_prvdr_ext|Blue Button|W|FRI|||N||EFT||||Y
2025-05-16|Fri|blbtn_drug_prvdr_ext|Blue Button|W|FRI|||N||EFT||||Y
2025-05-23|Fri|blbtn_drug_prvdr_ext|Blue Button|W|FRI|||N||EFT||||Y
2025-05-30|Fri|blbtn_drug_prvdr_ext|Blue Button|W|FRI|||N||EFT||||Y
2025-06-06|Fri|blbtn_drug_prvdr_ext|Blue Button|W|FRI|||N||EFT||||Y
2025-06-13|Fri|blbtn_drug_prvdr_ext|Blue Button|W|FRI|||N||EFT||||Y
2025-06-20|Fri|blbtn_drug_prvdr_ext|Blue Button|W|FRI|||N||EFT||||Y
2025-06-27|Fri|blbtn_drug_prvdr_ext|Blue Button|W|FRI|||N||EFT||||Y
2025-07-04|Fri|blbtn_drug_prvdr_ext|Blue Button|W|FRI|||N||EFT||||Y
2025-07-11|Fri|blbtn_drug_prvdr_ext|Blue Button|W|FRI|||N||EFT||||Y
2025-07-18|Fri|blbtn_drug_prvdr_ext|Blue Button|W|FRI|||N||EFT||||Y
2025-07-25|Fri|blbtn_drug_prvdr_ext|Blue Button|W|FRI|||N||EFT||||Y
2025-08-01|Fri|blbtn_drug_prvdr_ext|Blue Button|W|FRI|||N||EFT||||Y
2025-08-08|Fri|blbtn_drug_prvdr_ext|Blue Button|W|FRI|||N||EFT||||Y
2025-08-15|Fri|blbtn_drug_prvdr_ext|Blue Button|W|FRI|||N||EFT||||Y
2025-08-22|Fri|blbtn_drug_prvdr_ext|Blue Button|W|FRI|||N||EFT||||Y
2025-08-29|Fri|blbtn_drug_prvdr_ext|Blue Button|W|FRI|||N||EFT||||Y
2025-09-05|Fri|blbtn_drug_prvdr_ext|Blue Button|W|FRI|||N||EFT||||Y
2025-09-12|Fri|blbtn_drug_prvdr_ext|Blue Button|W|FRI|||N||EFT||||Y
2025-09-19|Fri|blbtn_drug_prvdr_ext|Blue Button|W|FRI|||N||EFT||||Y
2025-09-26|Fri|blbtn_drug_prvdr_ext|Blue Button|W|FRI|||N||EFT||||Y
2025-10-03|Fri|blbtn_drug_prvdr_ext|Blue Button|W|FRI|||N||EFT||||Y
2025-10-10|Fri|blbtn_drug_prvdr_ext|Blue Button|W|FRI|||N||EFT||||Y
2025-10-17|Fri|blbtn_drug_prvdr_ext|Blue Button|W|FRI|||N||EFT||||Y
2025-10-24|Fri|blbtn_drug_prvdr_ext|Blue Button|W|FRI|||N||EFT||||Y
2025-10-31|Fri|blbtn_drug_prvdr_ext|Blue Button|W|FRI|||N||EFT||||Y
2025-11-07|Fri|blbtn_drug_prvdr_ext|Blue Button|W|FRI|||N||EFT||||Y
2025-11-14|Fri|blbtn_drug_prvdr_ext|Blue Button|W|FRI|||N||EFT||||Y
2025-11-21|Fri|blbtn_drug_prvdr_ext|Blue Button|W|FRI|||N||EFT||||Y
2025-11-28|Fri|blbtn_drug_prvdr_ext|Blue Button|W|FRI|||N||EFT||||Y
2025-12-05|Fri|blbtn_drug_prvdr_ext|Blue Button|W|FRI|||N||EFT||||Y
2025-12-12|Fri|blbtn_drug_prvdr_ext|Blue Button|W|FRI|||N||EFT||||Y
2025-12-19|Fri|blbtn_drug_prvdr_ext|Blue Button|W|FRI|||N||EFT||||Y
2025-12-26|Fri|blbtn_drug_prvdr_ext|Blue Button|W|FRI|||N||EFT||||Y
2025-08-01|Fri|Creditable Coverage|Creditable Coverage - ETL (Heads-Up)|A||AUG|1|Y||SF||||N
2025-01-01|Wed|Death Master|Death Master|M|FW|||Y||UNOS web|||Y|N
2025-02-03|Mon|Death Master|Death Master|M|FW|||Y||UNOS web|||Y|N
2025-03-03|Mon|Death Master|Death Master|M|FW|||Y||UNOS web|||Y|N
2025-04-01|Tue|Death Master|Death Master|M|FW|||Y||UNOS web|||Y|N
2025-05-01|Thu|Death Master|Death Master|M|FW|||Y||UNOS web|||Y|N
2025-06-02|Mon|Death Master|Death Master|M|FW|||Y||UNOS web|||Y|N
2025-07-01|Tue|Death Master|Death Master|M|FW|||Y||UNOS web|||Y|N
2025-08-01|Fri|Death Master|Death Master|M|FW|||Y||UNOS web|||Y|N
2025-09-01|Mon|Death Master|Death Master|M|FW|||Y||UNOS web|||Y|N
2025-10-01|Wed|Death Master|Death Master|M|FW|||Y||UNOS web|||Y|N
2025-11-03|Mon|Death Master|Death Master|M|FW|||Y||UNOS web|||Y|N
2025-12-01|Mon|Death Master|Death Master|M|FW|||Y||UNOS web|||Y|N
2025-01-31|Fri|DemoFinderFileExtracts|DEMO Finder |M|5|||Y|MF|EFT|Y|||N
2025-02-28|Fri|DemoFinderFileExtracts|DEMO Finder |M|5|||Y|MF|EFT|Y|||N
2025-03-31|Mon|DemoFinderFileExtracts|DEMO Finder |M|5|||Y|MF|EFT|Y|||N
2025-04-30|Wed|DemoFinderFileExtracts|DEMO Finder |M|5|||Y|MF|EFT|Y|||N
2025-05-30|Fri|DemoFinderFileExtracts|DEMO Finder |M|5|||Y|MF|EFT|Y|||N
2025-06-30|Mon|DemoFinderFileExtracts|DEMO Finder |M|5|||Y|MF|EFT|Y|||N
2025-07-31|Thu|DemoFinderFileExtracts|DEMO Finder |M|5|||Y|MF|EFT|Y|||N
2025-08-29|Fri|DemoFinderFileExtracts|DEMO Finder |M|5|||Y|MF|EFT|Y|||N
2025-09-30|Tue|DemoFinderFileExtracts|DEMO Finder |M|5|||Y|MF|EFT|Y|||N
2025-10-31|Fri|DemoFinderFileExtracts|DEMO Finder |M|5|||Y|MF|EFT|Y|||N
2025-11-28|Fri|DemoFinderFileExtracts|DEMO Finder |M|5|||Y|MF|EFT|Y|||N
2025-12-31|Wed|DemoFinderFileExtracts|DEMO Finder |M|5|||Y|MF|EFT|Y|||N
2025-07-31|Thu|DRG|DRG|A||JUL|7|||Excel-DDOM||||
2025-01-01|Wed|DSH|DSH Extract|W|M-F|||Y||Box|N|||N
2025-01-02|Thu|DSH|DSH Extract|W|M-F|||Y||Box|N|||N
2025-01-03|Fri|DSH|DSH Extract|W|M-F|||Y||Box|N|||N
2025-01-06|Mon|DSH|DSH Extract|W|M-F|||Y||Box|N|||N
2025-01-07|Tue|DSH|DSH Extract|W|M-F|||Y||Box|N|||N
2025-01-08|Wed|DSH|DSH Extract|W|M-F|||Y||Box|N|||N
2025-01-09|Thu|DSH|DSH Extract|W|M-F|||Y||Box|N|||N
2025-01-10|Fri|DSH|DSH Extract|W|M-F|||Y||Box|N|||N
2025-01-13|Mon|DSH|DSH Extract|W|M-F|||Y||Box|N|||N
2025-01-14|Tue|DSH|DSH Extract|W|M-F|||Y||Box|N|||N
2025-01-15|Wed|DSH|DSH Extract|W|M-F|||Y||Box|N|||N
2025-01-16|Thu|DSH|DSH Extract|W|M-F|||Y||Box|N|||N
2025-01-17|Fri|DSH|DSH Extract|W|M-F|||Y||Box|N|||N
2025-01-20|Mon|DSH|DSH Extract|W|M-F|||Y||Box|N|||N
2025-01-21|Tue|DSH|DSH Extract|W|M-F|||Y||Box|N|||N
2025-01-22|Wed|DSH|DSH Extract|W|M-F|||Y||Box|N|||N
2025-01-23|Thu|DSH|DSH Extract|W|M-F|||Y||Box|N|||N
2025-01-24|Fri|DSH|DSH Extract|W|M-F|||Y||Box|N|||N
2025-01-27|Mon|DSH|DSH Extract|W|M-F|||Y||Box|N|||N
2025-01-28|Tue|DSH|DSH Extract|W|M-F|||Y||Box|N|||N
2025-01-29|Wed|DSH|DSH Extract|W|M-F|||Y||Box|N|||N
2025-01-30|Thu|DSH|DSH Extract|W|M-F|||Y||Box|N|||N
2025-01-31|Fri|DSH|DSH Extract|W|M-F|||Y||Box|N|||N
2025-02-03|Mon|DSH|DSH Extract|W|M-F|||Y||Box|N|||N
2025-02-04|Tue|DSH|DSH Extract|W|M-F|||Y||Box|N|||N
2025-02-05|Wed|DSH|DSH Extract|W|M-F|||Y||Box|N|||N
2025-02-06|Thu|DSH|DSH Extract|W|M-F|||Y||Box|N|||N
2025-02-07|Fri|DSH|DSH Extract|W|M-F|||Y||Box|N|||N
2025-02-10|Mon|DSH|DSH Extract|W|M-F|||Y||Box|N|||N
2025-02-11|Tue|DSH|DSH Extract|W|M-F|||Y||Box|N|||N
2025-02-12|Wed|DSH|DSH Extract|W|M-F|||Y||Box|N|||N
2025-02-13|Thu|DSH|DSH Extract|W|M-F|||Y||Box|N|||N
2025-02-14|Fri|DSH|DSH Extract|W|M-F|||Y||Box|N|||N
2025-02-17|Mon|DSH|DSH Extract|W|M-F|||Y||Box|N|||N
2025-02-18|Tue|DSH|DSH Extract|W|M-F|||Y||Box|N|||N
2025-02-19|Wed|DSH|DSH Extract|W|M-F|||Y||Box|N|||N
2025-02-20|Thu|DSH|DSH Extract|W|M-F|||Y||Box|N|||N
2025-02-21|Fri|DSH|DSH Extract|W|M-F|||Y||Box|N|||N
2025-02-24|Mon|DSH|DSH Extract|W|M-F|||Y||Box|N|||N
2025-02-25|Tue|DSH|DSH Extract|W|M-F|||Y||Box|N|||N
2025-02-26|Wed|DSH|DSH Extract|W|M-F|||Y||Box|N|||N
2025-02-27|Thu|DSH|DSH Extract|W|M-F|||Y||Box|N|||N
2025-02-28|Fri|DSH|DSH Extract|W|M-F|||Y||Box|N|||N
2025-03-03|Mon|DSH|DSH Extract|W|M-F|||Y||Box|N|||N
2025-03-04|Tue|DSH|DSH Extract|W|M-F|||Y||Box|N|||N
2025-03-05|Wed|DSH|DSH Extract|W|M-F|||Y||Box|N|||N
2025-03-06|Thu|DSH|DSH Extract|W|M-F|||Y||Box|N|||N
2025-03-07|Fri|DSH|DSH Extract|W|M-F|||Y||Box|N|||N
2025-03-10|Mon|DSH|DSH Extract|W|M-F|||Y||Box|N|||N
2025-03-11|Tue|DSH|DSH Extract|W|M-F|||Y||Box|N|||N
2025-03-12|Wed|DSH|DSH Extract|W|M-F|||Y||Box|N|||N
2025-03-13|Thu|DSH|DSH Extract|W|M-F|||Y||Box|N|||N
2025-03-14|Fri|DSH|DSH Extract|W|M-F|||Y||Box|N|||N
2025-03-17|Mon|DSH|DSH Extract|W|M-F|||Y||Box|N|||N
2025-03-18|Tue|DSH|DSH Extract|W|M-F|||Y||Box|N|||N
2025-03-19|Wed|DSH|DSH Extract|W|M-F|||Y||Box|N|||N
2025-03-20|Thu|DSH|DSH Extract|W|M-F|||Y||Box|N|||N
2025-03-21|Fri|DSH|DSH Extract|W|M-F|||Y||Box|N|||N
2025-03-24|Mon|DSH|DSH Extract|W|M-F|||Y||Box|N|||N
2025-03-25|Tue|DSH|DSH Extract|W|M-F|||Y||Box|N|||N
2025-03-26|Wed|DSH|DSH Extract|W|M-F|||Y||Box|N|||N
2025-03-27|Thu|DSH|DSH Extract|W|M-F|||Y||Box|N|||N
2025-03-28|Fri|DSH|DSH Extract|W|M-F|||Y||Box|N|||N
2025-03-31|Mon|DSH|DSH Extract|W|M-F|||Y||Box|N|||N
2025-04-01|Tue|DSH|DSH Extract|W|M-F|||Y||Box|N|||N
2025-04-02|Wed|DSH|DSH Extract|W|M-F|||Y||Box|N|||N
2025-04-03|Thu|DSH|DSH Extract|W|M-F|||Y||Box|N|||N
2025-04-04|Fri|DSH|DSH Extract|W|M-F|||Y||Box|N|||N
2025-04-07|Mon|DSH|DSH Extract|W|M-F|||Y||Box|N|||N
2025-04-08|Tue|DSH|DSH Extract|W|M-F|||Y||Box|N|||N
2025-04-09|Wed|DSH|DSH Extract|W|M-F|||Y||Box|N|||N
2025-04-10|Thu|DSH|DSH Extract|W|M-F|||Y||Box|N|||N
2025-04-11|Fri|DSH|DSH Extract|W|M-F|||Y||Box|N|||N
2025-04-14|Mon|DSH|DSH Extract|W|M-F|||Y||Box|N|||N
2025-04-15|Tue|DSH|DSH Extract|W|M-F|||Y||Box|N|||N
2025-04-16|Wed|DSH|DSH Extract|W|M-F|||Y||Box|N|||N
2025-04-17|Thu|DSH|DSH Extract|W|M-F|||Y||Box|N|||N
2025-04-18|Fri|DSH|DSH Extract|W|M-F|||Y||Box|N|||N
2025-04-21|Mon|DSH|DSH Extract|W|M-F|||Y||Box|N|||N
2025-04-22|Tue|DSH|DSH Extract|W|M-F|||Y||Box|N|||N
2025-04-23|Wed|DSH|DSH Extract|W|M-F|||Y||Box|N|||N
2025-04-24|Thu|DSH|DSH Extract|W|M-F|||Y||Box|N|||N
2025-04-25|Fri|DSH|DSH Extract|W|M-F|||Y||Box|N|||N
2025-04-28|Mon|DSH|DSH Extract|W|M-F|||Y||Box|N|||N
2025-04-29|Tue|DSH|DSH Extract|W|M-F|||Y||Box|N|||N
2025-04-30|Wed|DSH|DSH Extract|W|M-F|||Y||Box|N|||N
2025-05-01|Thu|DSH|DSH Extract|W|M-F|||Y||Box|N|||N
2025-05-02|Fri|DSH|DSH Extract|W|M-F|||Y||Box|N|||N
2025-05-05|Mon|DSH|DSH Extract|W|M-F|||Y||Box|N|||N
2025-05-06|Tue|DSH|DSH Extract|W|M-F|||Y||Box|N|||N
2025-05-07|Wed|DSH|DSH Extract|W|M-F|||Y||Box|N|||N
2025-05-08|Thu|DSH|DSH Extract|W|M-F|||Y||Box|N|||N
2025-05-09|Fri|DSH|DSH Extract|W|M-F|||Y||Box|N|||N
2025-05-12|Mon|DSH|DSH Extract|W|M-F|||Y||Box|N|||N
2025-05-13|Tue|DSH|DSH Extract|W|M-F|||Y||Box|N|||N
2025-05-14|Wed|DSH|DSH Extract|W|M-F|||Y||Box|N|||N
2025-05-15|Thu|DSH|DSH Extract|W|M-F|||Y||Box|N|||N
2025-05-16|Fri|DSH|DSH Extract|W|M-F|||Y||Box|N|||N
2025-05-19|Mon|DSH|DSH Extract|W|M-F|||Y||Box|N|||N
2025-05-20|Tue|DSH|DSH Extract|W|M-F|||Y||Box|N|||N
2025-05-21|Wed|DSH|DSH Extract|W|M-F|||Y||Box|N|||N
2025-05-22|Thu|DSH|DSH Extract|W|M-F|||Y||Box|N|||N
2025-05-23|Fri|DSH|DSH Extract|W|M-F|||Y||Box|N|||N
2025-05-26|Mon|DSH|DSH Extract|W|M-F|||Y||Box|N|||N
2025-05-27|Tue|DSH|DSH Extract|W|M-F|||Y||Box|N|||N
2025-05-28|Wed|DSH|DSH Extract|W|M-F|||Y||Box|N|||N
2025-05-29|Thu|DSH|DSH Extract|W|M-F|||Y||Box|N|||N
2025-05-30|Fri|DSH|DSH Extract|W|M-F|||Y||Box|N|||N
2025-06-02|Mon|DSH|DSH Extract|W|M-F|||Y||Box|N|||N
2025-06-03|Tue|DSH|DSH Extract|W|M-F|||Y||Box|N|||N
2025-06-04|Wed|DSH|DSH Extract|W|M-F|||Y||Box|N|||N
2025-06-05|Thu|DSH|DSH Extract|W|M-F|||Y||Box|N|||N
2025-06-06|Fri|DSH|DSH Extract|W|M-F|||Y||Box|N|||N
2025-06-09|Mon|DSH|DSH Extract|W|M-F|||Y||Box|N|||N
2025-06-10|Tue|DSH|DSH Extract|W|M-F|||Y||Box|N|||N
2025-06-11|Wed|DSH|DSH Extract|W|M-F|||Y||Box|N|||N
2025-06-12|Thu|DSH|DSH Extract|W|M-F|||Y||Box|N|||N
2025-06-13|Fri|DSH|DSH Extract|W|M-F|||Y||Box|N|||N
2025-06-16|Mon|DSH|DSH Extract|W|M-F|||Y||Box|N|||N
2025-06-17|Tue|DSH|DSH Extract|W|M-F|||Y||Box|N|||N
2025-06-18|Wed|DSH|DSH Extract|W|M-F|||Y||Box|N|||N
2025-06-19|Thu|DSH|DSH Extract|W|M-F|||Y||Box|N|||N
2025-06-20|Fri|DSH|DSH Extract|W|M-F|||Y||Box|N|||N
2025-06-23|Mon|DSH|DSH Extract|W|M-F|||Y||Box|N|||N
2025-06-24|Tue|DSH|DSH Extract|W|M-F|||Y||Box|N|||N
2025-06-25|Wed|DSH|DSH Extract|W|M-F|||Y||Box|N|||N
2025-06-26|Thu|DSH|DSH Extract|W|M-F|||Y||Box|N|||N
2025-06-27|Fri|DSH|DSH Extract|W|M-F|||Y||Box|N|||N
2025-06-30|Mon|DSH|DSH Extract|W|M-F|||Y||Box|N|||N
2025-07-01|Tue|DSH|DSH Extract|W|M-F|||Y||Box|N|||N
2025-07-02|Wed|DSH|DSH Extract|W|M-F|||Y||Box|N|||N
2025-07-03|Thu|DSH|DSH Extract|W|M-F|||Y||Box|N|||N
2025-07-04|Fri|DSH|DSH Extract|W|M-F|||Y||Box|N|||N
2025-07-07|Mon|DSH|DSH Extract|W|M-F|||Y||Box|N|||N
2025-07-08|Tue|DSH|DSH Extract|W|M-F|||Y||Box|N|||N
2025-07-09|Wed|DSH|DSH Extract|W|M-F|||Y||Box|N|||N
2025-07-10|Thu|DSH|DSH Extract|W|M-F|||Y||Box|N|||N
2025-07-11|Fri|DSH|DSH Extract|W|M-F|||Y||Box|N|||N
2025-07-14|Mon|DSH|DSH Extract|W|M-F|||Y||Box|N|||N
2025-07-15|Tue|DSH|DSH Extract|W|M-F|||Y||Box|N|||N
2025-07-16|Wed|DSH|DSH Extract|W|M-F|||Y||Box|N|||N
2025-07-17|Thu|DSH|DSH Extract|W|M-F|||Y||Box|N|||N
2025-07-18|Fri|DSH|DSH Extract|W|M-F|||Y||Box|N|||N
2025-07-21|Mon|DSH|DSH Extract|W|M-F|||Y||Box|N|||N
2025-07-22|Tue|DSH|DSH Extract|W|M-F|||Y||Box|N|||N
2025-07-23|Wed|DSH|DSH Extract|W|M-F|||Y||Box|N|||N
2025-07-24|Thu|DSH|DSH Extract|W|M-F|||Y||Box|N|||N
2025-07-25|Fri|DSH|DSH Extract|W|M-F|||Y||Box|N|||N
2025-07-28|Mon|DSH|DSH Extract|W|M-F|||Y||Box|N|||N
2025-07-29|Tue|DSH|DSH Extract|W|M-F|||Y||Box|N|||N
2025-07-30|Wed|DSH|DSH Extract|W|M-F|||Y||Box|N|||N
2025-07-31|Thu|DSH|DSH Extract|W|M-F|||Y||Box|N|||N
2025-08-01|Fri|DSH|DSH Extract|W|M-F|||Y||Box|N|||N
2025-08-04|Mon|DSH|DSH Extract|W|M-F|||Y||Box|N|||N
2025-08-05|Tue|DSH|DSH Extract|W|M-F|||Y||Box|N|||N
2025-08-06|Wed|DSH|DSH Extract|W|M-F|||Y||Box|N|||N
2025-08-07|Thu|DSH|DSH Extract|W|M-F|||Y||Box|N|||N
2025-08-08|Fri|DSH|DSH Extract|W|M-F|||Y||Box|N|||N
2025-08-11|Mon|DSH|DSH Extract|W|M-F|||Y||Box|N|||N
2025-08-12|Tue|DSH|DSH Extract|W|M-F|||Y||Box|N|||N
2025-08-13|Wed|DSH|DSH Extract|W|M-F|||Y||Box|N|||N
2025-08-14|Thu|DSH|DSH Extract|W|M-F|||Y||Box|N|||N
2025-08-15|Fri|DSH|DSH Extract|W|M-F|||Y||Box|N|||N
2025-08-18|Mon|DSH|DSH Extract|W|M-F|||Y||Box|N|||N
2025-08-19|Tue|DSH|DSH Extract|W|M-F|||Y||Box|N|||N
2025-08-20|Wed|DSH|DSH Extract|W|M-F|||Y||Box|N|||N
2025-08-21|Thu|DSH|DSH Extract|W|M-F|||Y||Box|N|||N
2025-08-22|Fri|DSH|DSH Extract|W|M-F|||Y||Box|N|||N
2025-08-25|Mon|DSH|DSH Extract|W|M-F|||Y||Box|N|||N
2025-08-26|Tue|DSH|DSH Extract|W|M-F|||Y||Box|N|||N
2025-08-27|Wed|DSH|DSH Extract|W|M-F|||Y||Box|N|||N
2025-08-28|Thu|DSH|DSH Extract|W|M-F|||Y||Box|N|||N
2025-08-29|Fri|DSH|DSH Extract|W|M-F|||Y||Box|N|||N
2025-09-01|Mon|DSH|DSH Extract|W|M-F|||Y||Box|N|||N
2025-09-02|Tue|DSH|DSH Extract|W|M-F|||Y||Box|N|||N
2025-09-03|Wed|DSH|DSH Extract|W|M-F|||Y||Box|N|||N
2025-09-04|Thu|DSH|DSH Extract|W|M-F|||Y||Box|N|||N
2025-09-05|Fri|DSH|DSH Extract|W|M-F|||Y||Box|N|||N
2025-09-08|Mon|DSH|DSH Extract|W|M-F|||Y||Box|N|||N
2025-09-09|Tue|DSH|DSH Extract|W|M-F|||Y||Box|N|||N
2025-09-10|Wed|DSH|DSH Extract|W|M-F|||Y||Box|N|||N
2025-09-11|Thu|DSH|DSH Extract|W|M-F|||Y||Box|N|||N
2025-09-12|Fri|DSH|DSH Extract|W|M-F|||Y||Box|N|||N
2025-09-15|Mon|DSH|DSH Extract|W|M-F|||Y||Box|N|||N
2025-09-16|Tue|DSH|DSH Extract|W|M-F|||Y||Box|N|||N
2025-09-17|Wed|DSH|DSH Extract|W|M-F|||Y||Box|N|||N
2025-09-18|Thu|DSH|DSH Extract|W|M-F|||Y||Box|N|||N
2025-09-19|Fri|DSH|DSH Extract|W|M-F|||Y||Box|N|||N
2025-09-22|Mon|DSH|DSH Extract|W|M-F|||Y||Box|N|||N
2025-09-23|Tue|DSH|DSH Extract|W|M-F|||Y||Box|N|||N
2025-09-24|Wed|DSH|DSH Extract|W|M-F|||Y||Box|N|||N
2025-09-25|Thu|DSH|DSH Extract|W|M-F|||Y||Box|N|||N
2025-09-26|Fri|DSH|DSH Extract|W|M-F|||Y||Box|N|||N
2025-09-29|Mon|DSH|DSH Extract|W|M-F|||Y||Box|N|||N
2025-09-30|Tue|DSH|DSH Extract|W|M-F|||Y||Box|N|||N
2025-10-01|Wed|DSH|DSH Extract|W|M-F|||Y||Box|N|||N
2025-10-02|Thu|DSH|DSH Extract|W|M-F|||Y||Box|N|||N
2025-10-03|Fri|DSH|DSH Extract|W|M-F|||Y||Box|N|||N
2025-10-06|Mon|DSH|DSH Extract|W|M-F|||Y||Box|N|||N
2025-10-07|Tue|DSH|DSH Extract|W|M-F|||Y||Box|N|||N
2025-10-08|Wed|DSH|DSH Extract|W|M-F|||Y||Box|N|||N
2025-10-09|Thu|DSH|DSH Extract|W|M-F|||Y||Box|N|||N
2025-10-10|Fri|DSH|DSH Extract|W|M-F|||Y||Box|N|||N
2025-10-13|Mon|DSH|DSH Extract|W|M-F|||Y||Box|N|||N
2025-10-14|Tue|DSH|DSH Extract|W|M-F|||Y||Box|N|||N
2025-10-15|Wed|DSH|DSH Extract|W|M-F|||Y||Box|N|||N
2025-10-16|Thu|DSH|DSH Extract|W|M-F|||Y||Box|N|||N
2025-10-17|Fri|DSH|DSH Extract|W|M-F|||Y||Box|N|||N
2025-10-20|Mon|DSH|DSH Extract|W|M-F|||Y||Box|N|||N
2025-10-21|Tue|DSH|DSH Extract|W|M-F|||Y||Box|N|||N
2025-10-22|Wed|DSH|DSH Extract|W|M-F|||Y||Box|N|||N
2025-10-23|Thu|DSH|DSH Extract|W|M-F|||Y||Box|N|||N
2025-10-24|Fri|DSH|DSH Extract|W|M-F|||Y||Box|N|||N
2025-10-27|Mon|DSH|DSH Extract|W|M-F|||Y||Box|N|||N
2025-10-28|Tue|DSH|DSH Extract|W|M-F|||Y||Box|N|||N
2025-10-29|Wed|DSH|DSH Extract|W|M-F|||Y||Box|N|||N
2025-10-30|Thu|DSH|DSH Extract|W|M-F|||Y||Box|N|||N
2025-10-31|Fri|DSH|DSH Extract|W|M-F|||Y||Box|N|||N
2025-11-03|Mon|DSH|DSH Extract|W|M-F|||Y||Box|N|||N
2025-11-04|Tue|DSH|DSH Extract|W|M-F|||Y||Box|N|||N
2025-11-05|Wed|DSH|DSH Extract|W|M-F|||Y||Box|N|||N
2025-11-06|Thu|DSH|DSH Extract|W|M-F|||Y||Box|N|||N
2025-11-07|Fri|DSH|DSH Extract|W|M-F|||Y||Box|N|||N
2025-11-10|Mon|DSH|DSH Extract|W|M-F|||Y||Box|N|||N
2025-11-11|Tue|DSH|DSH Extract|W|M-F|||Y||Box|N|||N
2025-11-12|Wed|DSH|DSH Extract|W|M-F|||Y||Box|N|||N
2025-11-13|Thu|DSH|DSH Extract|W|M-F|||Y||Box|N|||N
2025-11-14|Fri|DSH|DSH Extract|W|M-F|||Y||Box|N|||N
2025-11-17|Mon|DSH|DSH Extract|W|M-F|||Y||Box|N|||N
2025-11-18|Tue|DSH|DSH Extract|W|M-F|||Y||Box|N|||N
2025-11-19|Wed|DSH|DSH Extract|W|M-F|||Y||Box|N|||N
2025-11-20|Thu|DSH|DSH Extract|W|M-F|||Y||Box|N|||N
2025-11-21|Fri|DSH|DSH Extract|W|M-F|||Y||Box|N|||N
2025-11-24|Mon|DSH|DSH Extract|W|M-F|||Y||Box|N|||N
2025-11-25|Tue|DSH|DSH Extract|W|M-F|||Y||Box|N|||N
2025-11-26|Wed|DSH|DSH Extract|W|M-F|||Y||Box|N|||N
2025-11-27|Thu|DSH|DSH Extract|W|M-F|||Y||Box|N|||N
2025-11-28|Fri|DSH|DSH Extract|W|M-F|||Y||Box|N|||N
2025-12-01|Mon|DSH|DSH Extract|W|M-F|||Y||Box|N|||N
2025-12-02|Tue|DSH|DSH Extract|W|M-F|||Y||Box|N|||N
2025-12-03|Wed|DSH|DSH Extract|W|M-F|||Y||Box|N|||N
2025-12-04|Thu|DSH|DSH Extract|W|M-F|||Y||Box|N|||N
2025-12-05|Fri|DSH|DSH Extract|W|M-F|||Y||Box|N|||N
2025-12-08|Mon|DSH|DSH Extract|W|M-F|||Y||Box|N|||N
2025-12-09|Tue|DSH|DSH Extract|W|M-F|||Y||Box|N|||N
2025-12-10|Wed|DSH|DSH Extract|W|M-F|||Y||Box|N|||N
2025-12-11|Thu|DSH|DSH Extract|W|M-F|||Y||Box|N|||N
2025-12-12|Fri|DSH|DSH Extract|W|M-F|||Y||Box|N|||N
2025-12-15|Mon|DSH|DSH Extract|W|M-F|||Y||Box|N|||N
2025-12-16|Tue|DSH|DSH Extract|W|M-F|||Y||Box|N|||N
2025-12-17|Wed|DSH|DSH Extract|W|M-F|||Y||Box|N|||N
2025-12-18|Thu|DSH|DSH Extract|W|M-F|||Y||Box|N|||N
2025-12-19|Fri|DSH|DSH Extract|W|M-F|||Y||Box|N|||N
2025-12-22|Mon|DSH|DSH Extract|W|M-F|||Y||Box|N|||N
2025-12-23|Tue|DSH|DSH Extract|W|M-F|||Y||Box|N|||N
2025-12-24|Wed|DSH|DSH Extract|W|M-F|||Y||Box|N|||N
2025-12-25|Thu|DSH|DSH Extract|W|M-F|||Y||Box|N|||N
2025-12-26|Fri|DSH|DSH Extract|W|M-F|||Y||Box|N|||N
2025-12-29|Mon|DSH|DSH Extract|W|M-F|||Y||Box|N|||N
2025-12-30|Tue|DSH|DSH Extract|W|M-F|||Y||Box|N|||N
2025-12-31|Wed|DSH|DSH Extract|W|M-F|||Y||Box|N|||N
2025-04-16|Wed|FMR|FMR - ETL|S||APR,OCT|16|N||SF||||N
2025-10-16|Thu|FMR|FMR - ETL|S||APR,OCT|16|N||SF||||N
2025-04-16|Wed|FMR|FMR-Extract|S||APR,OCT|16|N||EFT||Y||N
2025-10-16|Thu|FMR|FMR-Extract|S||APR,OCT|16|N||EFT||Y||N
2025-09-01|Mon|HCPP|HCPP - (MAC Carrier Clm Rpt)  (Heads-Up)|A||SEP|FW|Y|Email|EFT||||N
2025-01-31|Fri|HOS|HOS - Health Outcome Survey|S||JAN,APR|LW|Y|Excel|Box||||N
2025-04-30|Wed|HOS|HOS - Health Outcome Survey|S||JAN,APR|LW|Y|Excel|Box||||N
2025-06-02|Mon|HSAF|HSAF (non-IDR) (EDX#200,EDX#210)|A||JUN |FW|||MF|Y|||Y
2025-07-30|Wed|MEDPAC |MEDPAC - MBD/CME data for HSP Ext|A||JUL|30|N||Box||||N
2025-01-29|Wed|BAYSTATE|MEDPAR Baystate|S||JAN,APR|29|Y||EFT||||N
2025-04-29|Tue|BAYSTATE|MEDPAR Baystate|S||JAN,APR|29|Y||EFT||||N
2025-04-29|Tue|BAYSTATE|MEDPAR Baystate (Optional)|S||APR|29|Y||EFT||||N
2025-01-29|Wed|BAYSTATE_RRB|MEDPAR Baystate|S||JAN,APR|29|Y||EFT||||N
2025-04-29|Tue|BAYSTATE_RRB|MEDPAR Baystate|S||JAN,APR|29|Y||EFT||||N
2025-04-29|Tue|BAYSTATE_RRB|MEDPAR Baystate (Optional)|S||APR|29|Y||EFT||||N
2025-08-25|Mon|MNUP_MED_NONUTIL_ext|MNUP Annual|A||AUG|25|Y||EFT||||N
2025-01-01|Wed|MNUP_MED_NONUTIL_Monthly_ext|MNUP Monthly|M|FW|| |Y||EFT||||N
2025-02-03|Mon|MNUP_MED_NONUTIL_Monthly_ext|MNUP Monthly|M|FW|| |Y||EFT||||N
2025-03-03|Mon|MNUP_MED_NONUTIL_Monthly_ext|MNUP Monthly|M|FW|| |Y||EFT||||N
2025-04-01|Tue|MNUP_MED_NONUTIL_Monthly_ext|MNUP Monthly|M|FW|| |Y||EFT||||N
2025-05-01|Thu|MNUP_MED_NONUTIL_Monthly_ext|MNUP Monthly|M|FW|| |Y||EFT||||N
2025-06-02|Mon|MNUP_MED_NONUTIL_Monthly_ext|MNUP Monthly|M|FW|| |Y||EFT||||N
2025-07-01|Tue|MNUP_MED_NONUTIL_Monthly_ext|MNUP Monthly|M|FW|| |Y||EFT||||N
2025-08-01|Fri|MNUP_MED_NONUTIL_Monthly_ext|MNUP Monthly|M|FW|| |Y||EFT||||N
2025-09-01|Mon|MNUP_MED_NONUTIL_Monthly_ext|MNUP Monthly|M|FW|| |Y||EFT||||N
2025-10-01|Wed|MNUP_MED_NONUTIL_Monthly_ext|MNUP Monthly|M|FW|| |Y||EFT||||N
2025-11-03|Mon|MNUP_MED_NONUTIL_Monthly_ext|MNUP Monthly|M|FW|| |Y||EFT||||N
2025-12-01|Mon|MNUP_MED_NONUTIL_Monthly_ext|MNUP Monthly|M|FW|| |Y||EFT||||N
2025-01-01|Wed|NYSPAP_Bene_Info|NYSPAP Extract|M|1|||Y||Box||||N
2025-01-31|Fri|NYSPAP_Bene_Info|NYSPAP Extract|M|1|||Y||Box||||N
2025-02-28|Fri|NYSPAP_Bene_Info|NYSPAP Extract|M|1|||Y||Box||||N
2025-04-01|Tue|NYSPAP_Bene_Info|NYSPAP Extract|M|1|||Y||Box||||N
2025-05-01|Thu|NYSPAP_Bene_Info|NYSPAP Extract|M|1|||Y||Box||||N
2025-05-30|Fri|NYSPAP_Bene_Info|NYSPAP Extract|M|1|||Y||Box||||N
2025-07-01|Tue|NYSPAP_Bene_Info|NYSPAP Extract|M|1|||Y||Box||||N
2025-08-01|Fri|NYSPAP_Bene_Info|NYSPAP Extract|M|1|||Y||Box||||N
2025-09-01|Mon|NYSPAP_Bene_Info|NYSPAP Extract|M|1|||Y||Box||||N
2025-10-01|Wed|NYSPAP_Bene_Info|NYSPAP Extract|M|1|||Y||Box||||N
2025-10-31|Fri|NYSPAP_Bene_Info|NYSPAP Extract|M|1|||Y||Box||||N
2025-12-01|Mon|NYSPAP_Bene_Info|NYSPAP Extract|M|1|||Y||Box||||N
2025-06-13|Fri|OFM_PDE|OFM PDE|A||JUN,OCT|15|Y|Excel|Box||||N
2025-10-15|Wed|OFM_PDE|OFM PDE|A||JUN,OCT|15|Y|Excel|Box||||N
2025-01-15|Wed|OPMHI_CAR|OPMHI (PTA PTB PTD)|Q||JAN,APR,JUL,OCT|15|Y||Box|Y|||N
2025-04-15|Tue|OPMHI_CAR|OPMHI (PTA PTB PTD)|Q||JAN,APR,JUL,OCT|15|Y||Box|Y|||N
2025-07-15|Tue|OPMHI_CAR|OPMHI (PTA PTB PTD)|Q||JAN,APR,JUL,OCT|15|Y||Box|Y|||N
2025-10-15|Wed|OPMHI_CAR|OPMHI (PTA PTB PTD)|Q||JAN,APR,JUL,OCT|15|Y||Box|Y|||N
2025-01-15|Wed|OPMHI_DME|OPMHI (PTA PTB PTD)|Q||JAN,APR,JUL,OCT|15|Y||Box|Y|||N
2025-04-15|Tue|OPMHI_DME|OPMHI (PTA PTB PTD)|Q||JAN,APR,JUL,OCT|15|Y||Box|Y|||N
2025-07-15|Tue|OPMHI_DME|OPMHI (PTA PTB PTD)|Q||JAN,APR,JUL,OCT|15|Y||Box|Y|||N
2025-10-15|Wed|OPMHI_DME|OPMHI (PTA PTB PTD)|Q||JAN,APR,JUL,OCT|15|Y||Box|Y|||N
2025-01-15|Wed|OPMHI_HHA|OPMHI (PTA PTB PTD)|Q||JAN,APR,JUL,OCT|15|Y||Box|Y|||N
2025-04-15|Tue|OPMHI_HHA|OPMHI (PTA PTB PTD)|Q||JAN,APR,JUL,OCT|15|Y||Box|Y|||N
2025-07-15|Tue|OPMHI_HHA|OPMHI (PTA PTB PTD)|Q||JAN,APR,JUL,OCT|15|Y||Box|Y|||N
2025-10-15|Wed|OPMHI_HHA|OPMHI (PTA PTB PTD)|Q||JAN,APR,JUL,OCT|15|Y||Box|Y|||N
2025-01-15|Wed|OPMHI_HSP|OPMHI (PTA PTB PTD)|Q||JAN,APR,JUL,OCT|15|Y||Box|Y|||N
2025-04-15|Tue|OPMHI_HSP|OPMHI (PTA PTB PTD)|Q||JAN,APR,JUL,OCT|15|Y||Box|Y|||N
2025-07-15|Tue|OPMHI_HSP|OPMHI (PTA PTB PTD)|Q||JAN,APR,JUL,OCT|15|Y||Box|Y|||N
2025-10-15|Wed|OPMHI_HSP|OPMHI (PTA PTB PTD)|Q||JAN,APR,JUL,OCT|15|Y||Box|Y|||N
2025-01-15|Wed|OPMHI_INP|OPMHI (PTA PTB PTD)|Q||JAN,APR,JUL,OCT|15|Y||Box|Y|||N
2025-04-15|Tue|OPMHI_INP|OPMHI (PTA PTB PTD)|Q||JAN,APR,JUL,OCT|15|Y||Box|Y|||N
2025-07-15|Tue|OPMHI_INP|OPMHI (PTA PTB PTD)|Q||JAN,APR,JUL,OCT|15|Y||Box|Y|||N
2025-10-15|Wed|OPMHI_INP|OPMHI (PTA PTB PTD)|Q||JAN,APR,JUL,OCT|15|Y||Box|Y|||N
2025-01-15|Wed|OPMHI_OPT|OPMHI (PTA PTB PTD)|Q||JAN,APR,JUL,OCT|15|Y||Box|Y|||N
2025-04-15|Tue|OPMHI_OPT|OPMHI (PTA PTB PTD)|Q||JAN,APR,JUL,OCT|15|Y||Box|Y|||N
2025-07-15|Tue|OPMHI_OPT|OPMHI (PTA PTB PTD)|Q||JAN,APR,JUL,OCT|15|Y||Box|Y|||N
2025-10-15|Wed|OPMHI_OPT|OPMHI (PTA PTB PTD)|Q||JAN,APR,JUL,OCT|15|Y||Box|Y|||N
2025-01-15|Wed|OPMHI_SNF|OPMHI (PTA PTB PTD)|Q||JAN,APR,JUL,OCT|15|Y||Box|Y|||N
2025-04-15|Tue|OPMHI_SNF|OPMHI (PTA PTB PTD)|Q||JAN,APR,JUL,OCT|15|Y||Box|Y|||N
2025-07-15|Tue|OPMHI_SNF|OPMHI (PTA PTB PTD)|Q||JAN,APR,JUL,OCT|15|Y||Box|Y|||N
2025-10-15|Wed|OPMHI_SNF|OPMHI (PTA PTB PTD)|Q||JAN,APR,JUL,OCT|15|Y||Box|Y|||N
2025-01-15|Wed|OPMHI_PDE|OPMHI (PTA PTB PTD)|Q||JAN,APR,JUL,OCT|15|Y||Box|Y|||N
2025-04-15|Tue|OPMHI_PDE|OPMHI (PTA PTB PTD)|Q||JAN,APR,JUL,OCT|15|Y||Box|Y|||N
2025-07-15|Tue|OPMHI_PDE|OPMHI (PTA PTB PTD)|Q||JAN,APR,JUL,OCT|15|Y||Box|Y|||N
2025-10-15|Wed|OPMHI_PDE|OPMHI (PTA PTB PTD)|Q||JAN,APR,JUL,OCT|15|Y||Box|Y|||N
2025-01-15|Wed|OPMHI_ENRLMNT|OPMHI (PTA PTB PTD)|Q||JAN,APR,JUL,OCT|15|Y||Box|Y|||N
2025-04-15|Tue|OPMHI_ENRLMNT|OPMHI (PTA PTB PTD)|Q||JAN,APR,JUL,OCT|15|Y||Box|Y|||N
2025-07-15|Tue|OPMHI_ENRLMNT|OPMHI (PTA PTB PTD)|Q||JAN,APR,JUL,OCT|15|Y||Box|Y|||N
2025-10-15|Wed|OPMHI_ENRLMNT|OPMHI (PTA PTB PTD)|Q||JAN,APR,JUL,OCT|15|Y||Box|Y|||N
2025-01-10|Fri|PartABMonthly |Part A/B Monthly Payments |M|12|||N||SAS email|||Y|Y
2025-02-12|Wed|PartABMonthly |Part A/B Monthly Payments |M|12|||N||SAS email|||Y|Y
2025-03-12|Wed|PartABMonthly |Part A/B Monthly Payments |M|12|||N||SAS email|||Y|Y
2025-04-11|Fri|PartABMonthly |Part A/B Monthly Payments |M|12|||N||SAS email|||Y|Y
2025-05-12|Mon|PartABMonthly |Part A/B Monthly Payments |M|12|||N||SAS email|||Y|Y
2025-06-12|Thu|PartABMonthly |Part A/B Monthly Payments |M|12|||N||SAS email|||Y|Y
2025-07-11|Fri|PartABMonthly |Part A/B Monthly Payments |M|12|||N||SAS email|||Y|Y
2025-08-12|Tue|PartABMonthly |Part A/B Monthly Payments |M|12|||N||SAS email|||Y|Y
2025-09-12|Fri|PartABMonthly |Part A/B Monthly Payments |M|12|||N||SAS email|||Y|Y
2025-10-10|Fri|PartABMonthly |Part A/B Monthly Payments |M|12|||N||SAS email|||Y|Y
2025-11-12|Wed|PartABMonthly |Part A/B Monthly Payments |M|12|||N||SAS email|||Y|Y
2025-12-12|Fri|PartABMonthly |Part A/B Monthly Payments |M|12|||N||SAS email|||Y|Y
2025-05-01|Thu|Part ABDEnrollment  |Part A/B/D Enrollment Reports (MSTR)|A||MAY|FW|N||Sub||||Y
2025-01-01|Wed|DEA_PECOS|PECOS|M|FW|||N||EFT||||Y
2025-02-03|Mon|DEA_PECOS|PECOS|M|FW|||N||EFT||||Y
2025-03-03|Mon|DEA_PECOS|PECOS|M|FW|||N||EFT||||Y
2025-04-01|Tue|DEA_PECOS|PECOS|M|FW|||N||EFT||||Y
2025-05-01|Thu|DEA_PECOS|PECOS|M|FW|||N||EFT||||Y
2025-06-02|Mon|DEA_PECOS|PECOS|M|FW|||N||EFT||||Y
2025-07-01|Tue|DEA_PECOS|PECOS|M|FW|||N||EFT||||Y
2025-08-01|Fri|DEA_PECOS|PECOS|M|FW|||N||EFT||||Y
2025-09-01|Mon|DEA_PECOS|PECOS|M|FW|||N||EFT||||Y
2025-10-01|Wed|DEA_PECOS|PECOS|M|FW|||N||EFT||||Y
2025-11-03|Mon|DEA_PECOS|PECOS|M|FW|||N||EFT||||Y
2025-12-01|Mon|DEA_PECOS|PECOS|M|FW|||N||EFT||||Y
2025-08-01|Fri|PBAR-MSTR|PBAR MSTR Subscription Rpts|A||AUG|1|N||Email||||Y
2025-04-25|Fri|PSPS|PSPS Extract Q1 Q5|Q||Apr|25|N||EFT||||Y
2025-07-25|Fri|PSPS|PSPS Extract Q2 Q6|Q||Jul|25|N||EFT||||Y
2025-10-24|Fri|PSPS|PSPS Extract Q3|Q||Oct|25|N||EFT||||Y
2025-01-24|Fri|PSPS|PSPS Extract Q4|Q||Jan|25|N||EFT||||Y
2025-07-25|Fri|PSPS_Split_files|PSPS HCPS Split Q6|Q||Jul|25|N||EFT||||Y
2025-07-25|Fri|PSPS_Supress|PSPS Suppress Q6|Q||Jul|25|N||EFT|||Y|Y
2025-01-20|Mon|PSPS_NPI|PSPS_NPI_EXTRACT|S||Jan,Jul|20|N||EFT|||Y|Y
2025-07-18|Fri|PSPS_NPI|PSPS_NPI_EXTRACT|S||Jan,Jul|20|N||EFT|||Y|Y
2025-04-01|Tue|PartB_Carrier|Part B Carrier - Early|Q||Apr|1|N||EFT||||Y
2025-07-01|Tue|PartB_Carrier|Part B Carrier - Final|Q||Jul|1|N||EFT||||Y
2025-01-01|Wed|PartB_Carrier|Part B Carrier - M12|Q||Jan|1|N||EFT||||Y
2025-01-01|Wed|PTD_Duals|Part D Duals Daily|W|M-F|||N||EFT||||Y
2025-01-02|Thu|PTD_Duals|Part D Duals Daily|W|M-F|||N||EFT||||Y
2025-01-03|Fri|PTD_Duals|Part D Duals Daily|W|M-F|||N||EFT||||Y
2025-01-06|Mon|PTD_Duals|Part D Duals Daily|W|M-F|||N||EFT||||Y
2025-01-07|Tue|PTD_Duals|Part D Duals Daily|W|M-F|||N||EFT||||Y
2025-01-08|Wed|PTD_Duals|Part D Duals Daily|W|M-F|||N||EFT||||Y
2025-01-09|Thu|PTD_Duals|Part D Duals Daily|W|M-F|||N||EFT||||Y
2025-01-10|Fri|PTD_Duals|Part D Duals Daily|W|M-F|||N||EFT||||Y
2025-01-13|Mon|PTD_Duals|Part D Duals Daily|W|M-F|||N||EFT||||Y
2025-01-14|Tue|PTD_Duals|Part D Duals Daily|W|M-F|||N||EFT||||Y
2025-01-15|Wed|PTD_Duals|Part D Duals Daily|W|M-F|||N||EFT||||Y
2025-01-16|Thu|PTD_Duals|Part D Duals Daily|W|M-F|||N||EFT||||Y
2025-01-17|Fri|PTD_Duals|Part D Duals Daily|W|M-F|||N||EFT||||Y
2025-01-20|Mon|PTD_Duals|Part D Duals Daily|W|M-F|||N||EFT||||Y
2025-01-21|Tue|PTD_Duals|Part D Duals Daily|W|M-F|||N||EFT||||Y
2025-01-22|Wed|PTD_Duals|Part D Duals Daily|W|M-F|||N||EFT||||Y
2025-01-23|Thu|PTD_Duals|Part D Duals Daily|W|M-F|||N||EFT||||Y
2025-01-24|Fri|PTD_Duals|Part D Duals Daily|W|M-F|||N||EFT||||Y
2025-01-27|Mon|PTD_Duals|Part D Duals Daily|W|M-F|||N||EFT||||Y
2025-01-28|Tue|PTD_Duals|Part D Duals Daily|W|M-F|||N||EFT||||Y
2025-01-29|Wed|PTD_Duals|Part D Duals Daily|W|M-F|||N||EFT||||Y
2025-01-30|Thu|PTD_Duals|Part D Duals Daily|W|M-F|||N||EFT||||Y
2025-01-31|Fri|PTD_Duals|Part D Duals Daily|W|M-F|||N||EFT||||Y
2025-02-03|Mon|PTD_Duals|Part D Duals Daily|W|M-F|||N||EFT||||Y
2025-02-04|Tue|PTD_Duals|Part D Duals Daily|W|M-F|||N||EFT||||Y
2025-02-05|Wed|PTD_Duals|Part D Duals Daily|W|M-F|||N||EFT||||Y
2025-02-06|Thu|PTD_Duals|Part D Duals Daily|W|M-F|||N||EFT||||Y
2025-02-07|Fri|PTD_Duals|Part D Duals Daily|W|M-F|||N||EFT||||Y
2025-02-10|Mon|PTD_Duals|Part D Duals Daily|W|M-F|||N||EFT||||Y
2025-02-11|Tue|PTD_Duals|Part D Duals Daily|W|M-F|||N||EFT||||Y
2025-02-12|Wed|PTD_Duals|Part D Duals Daily|W|M-F|||N||EFT||||Y
2025-02-13|Thu|PTD_Duals|Part D Duals Daily|W|M-F|||N||EFT||||Y
2025-02-14|Fri|PTD_Duals|Part D Duals Daily|W|M-F|||N||EFT||||Y
2025-02-17|Mon|PTD_Duals|Part D Duals Daily|W|M-F|||N||EFT||||Y
2025-02-18|Tue|PTD_Duals|Part D Duals Daily|W|M-F|||N||EFT||||Y
2025-02-19|Wed|PTD_Duals|Part D Duals Daily|W|M-F|||N||EFT||||Y
2025-02-20|Thu|PTD_Duals|Part D Duals Daily|W|M-F|||N||EFT||||Y
2025-02-21|Fri|PTD_Duals|Part D Duals Daily|W|M-F|||N||EFT||||Y
2025-02-24|Mon|PTD_Duals|Part D Duals Daily|W|M-F|||N||EFT||||Y
2025-02-25|Tue|PTD_Duals|Part D Duals Daily|W|M-F|||N||EFT||||Y
2025-02-26|Wed|PTD_Duals|Part D Duals Daily|W|M-F|||N||EFT||||Y
2025-02-27|Thu|PTD_Duals|Part D Duals Daily|W|M-F|||N||EFT||||Y
2025-02-28|Fri|PTD_Duals|Part D Duals Daily|W|M-F|||N||EFT||||Y
2025-03-03|Mon|PTD_Duals|Part D Duals Daily|W|M-F|||N||EFT||||Y
2025-03-04|Tue|PTD_Duals|Part D Duals Daily|W|M-F|||N||EFT||||Y
2025-03-05|Wed|PTD_Duals|Part D Duals Daily|W|M-F|||N||EFT||||Y
2025-03-06|Thu|PTD_Duals|Part D Duals Daily|W|M-F|||N||EFT||||Y
2025-03-07|Fri|PTD_Duals|Part D Duals Daily|W|M-F|||N||EFT||||Y
2025-03-10|Mon|PTD_Duals|Part D Duals Daily|W|M-F|||N||EFT||||Y
2025-03-11|Tue|PTD_Duals|Part D Duals Daily|W|M-F|||N||EFT||||Y
2025-03-12|Wed|PTD_Duals|Part D Duals Daily|W|M-F|||N||EFT||||Y
2025-03-13|Thu|PTD_Duals|Part D Duals Daily|W|M-F|||N||EFT||||Y
2025-03-14|Fri|PTD_Duals|Part D Duals Daily|W|M-F|||N||EFT||||Y
2025-03-17|Mon|PTD_Duals|Part D Duals Daily|W|M-F|||N||EFT||||Y
2025-03-18|Tue|PTD_Duals|Part D Duals Daily|W|M-F|||N||EFT||||Y
2025-03-19|Wed|PTD_Duals|Part D Duals Daily|W|M-F|||N||EFT||||Y
2025-03-20|Thu|PTD_Duals|Part D Duals Daily|W|M-F|||N||EFT||||Y
2025-03-21|Fri|PTD_Duals|Part D Duals Daily|W|M-F|||N||EFT||||Y
2025-03-24|Mon|PTD_Duals|Part D Duals Daily|W|M-F|||N||EFT||||Y
2025-03-25|Tue|PTD_Duals|Part D Duals Daily|W|M-F|||N||EFT||||Y
2025-03-26|Wed|PTD_Duals|Part D Duals Daily|W|M-F|||N||EFT||||Y
2025-03-27|Thu|PTD_Duals|Part D Duals Daily|W|M-F|||N||EFT||||Y
2025-03-28|Fri|PTD_Duals|Part D Duals Daily|W|M-F|||N||EFT||||Y
2025-03-31|Mon|PTD_Duals|Part D Duals Daily|W|M-F|||N||EFT||||Y
2025-04-01|Tue|PTD_Duals|Part D Duals Daily|W|M-F|||N||EFT||||Y
2025-04-02|Wed|PTD_Duals|Part D Duals Daily|W|M-F|||N||EFT||||Y
2025-04-03|Thu|PTD_Duals|Part D Duals Daily|W|M-F|||N||EFT||||Y
2025-04-04|Fri|PTD_Duals|Part D Duals Daily|W|M-F|||N||EFT||||Y
2025-04-07|Mon|PTD_Duals|Part D Duals Daily|W|M-F|||N||EFT||||Y
2025-04-08|Tue|PTD_Duals|Part D Duals Daily|W|M-F|||N||EFT||||Y
2025-04-09|Wed|PTD_Duals|Part D Duals Daily|W|M-F|||N||EFT||||Y
2025-04-10|Thu|PTD_Duals|Part D Duals Daily|W|M-F|||N||EFT||||Y
2025-04-11|Fri|PTD_Duals|Part D Duals Daily|W|M-F|||N||EFT||||Y
2025-04-14|Mon|PTD_Duals|Part D Duals Daily|W|M-F|||N||EFT||||Y
2025-04-15|Tue|PTD_Duals|Part D Duals Daily|W|M-F|||N||EFT||||Y
2025-04-16|Wed|PTD_Duals|Part D Duals Daily|W|M-F|||N||EFT||||Y
2025-04-17|Thu|PTD_Duals|Part D Duals Daily|W|M-F|||N||EFT||||Y
2025-04-18|Fri|PTD_Duals|Part D Duals Daily|W|M-F|||N||EFT||||Y
2025-04-21|Mon|PTD_Duals|Part D Duals Daily|W|M-F|||N||EFT||||Y
2025-04-22|Tue|PTD_Duals|Part D Duals Daily|W|M-F|||N||EFT||||Y
2025-04-23|Wed|PTD_Duals|Part D Duals Daily|W|M-F|||N||EFT||||Y
2025-04-24|Thu|PTD_Duals|Part D Duals Daily|W|M-F|||N||EFT||||Y
2025-04-25|Fri|PTD_Duals|Part D Duals Daily|W|M-F|||N||EFT||||Y
2025-04-28|Mon|PTD_Duals|Part D Duals Daily|W|M-F|||N||EFT||||Y
2025-04-29|Tue|PTD_Duals|Part D Duals Daily|W|M-F|||N||EFT||||Y
2025-04-30|Wed|PTD_Duals|Part D Duals Daily|W|M-F|||N||EFT||||Y
2025-05-01|Thu|PTD_Duals|Part D Duals Daily|W|M-F|||N||EFT||||Y
2025-05-02|Fri|PTD_Duals|Part D Duals Daily|W|M-F|||N||EFT||||Y
2025-05-05|Mon|PTD_Duals|Part D Duals Daily|W|M-F|||N||EFT||||Y
2025-05-06|Tue|PTD_Duals|Part D Duals Daily|W|M-F|||N||EFT||||Y
2025-05-07|Wed|PTD_Duals|Part D Duals Daily|W|M-F|||N||EFT||||Y
2025-05-08|Thu|PTD_Duals|Part D Duals Daily|W|M-F|||N||EFT||||Y
2025-05-09|Fri|PTD_Duals|Part D Duals Daily|W|M-F|||N||EFT||||Y
2025-05-12|Mon|PTD_Duals|Part D Duals Daily|W|M-F|||N||EFT||||Y
2025-05-13|Tue|PTD_Duals|Part D Duals Daily|W|M-F|||N||EFT||||Y
2025-05-14|Wed|PTD_Duals|Part D Duals Daily|W|M-F|||N||EFT||||Y
2025-05-15|Thu|PTD_Duals|Part D Duals Daily|W|M-F|||N||EFT||||Y
2025-05-16|Fri|PTD_Duals|Part D Duals Daily|W|M-F|||N||EFT||||Y
2025-05-19|Mon|PTD_Duals|Part D Duals Daily|W|M-F|||N||EFT||||Y
2025-05-20|Tue|PTD_Duals|Part D Duals Daily|W|M-F|||N||EFT||||Y
2025-05-21|Wed|PTD_Duals|Part D Duals Daily|W|M-F|||N||EFT||||Y
2025-05-22|Thu|PTD_Duals|Part D Duals Daily|W|M-F|||N||EFT||||Y
2025-05-23|Fri|PTD_Duals|Part D Duals Daily|W|M-F|||N||EFT||||Y
2025-05-26|Mon|PTD_Duals|Part D Duals Daily|W|M-F|||N||EFT||||Y
2025-05-27|Tue|PTD_Duals|Part D Duals Daily|W|M-F|||N||EFT||||Y
2025-05-28|Wed|PTD_Duals|Part D Duals Daily|W|M-F|||N||EFT||||Y
2025-05-29|Thu|PTD_Duals|Part D Duals Daily|W|M-F|||N||EFT||||Y
2025-05-30|Fri|PTD_Duals|Part D Duals Daily|W|M-F|||N||EFT||||Y
2025-06-02|Mon|PTD_Duals|Part D Duals Daily|W|M-F|||N||EFT||||Y
2025-06-03|Tue|PTD_Duals|Part D Duals Daily|W|M-F|||N||EFT||||Y
2025-06-04|Wed|PTD_Duals|Part D Duals Daily|W|M-F|||N||EFT||||Y
2025-06-05|Thu|PTD_Duals|Part D Duals Daily|W|M-F|||N||EFT||||Y
2025-06-06|Fri|PTD_Duals|Part D Duals Daily|W|M-F|||N||EFT||||Y
2025-06-09|Mon|PTD_Duals|Part D Duals Daily|W|M-F|||N||EFT||||Y
2025-06-10|Tue|PTD_Duals|Part D Duals Daily|W|M-F|||N||EFT||||Y
2025-06-11|Wed|PTD_Duals|Part D Duals Daily|W|M-F|||N||EFT||||Y
2025-06-12|Thu|PTD_Duals|Part D Duals Daily|W|M-F|||N||EFT||||Y
2025-06-13|Fri|PTD_Duals|Part D Duals Daily|W|M-F|||N||EFT||||Y
2025-06-16|Mon|PTD_Duals|Part D Duals Daily|W|M-F|||N||EFT||||Y
2025-06-17|Tue|PTD_Duals|Part D Duals Daily|W|M-F|||N||EFT||||Y
2025-06-18|Wed|PTD_Duals|Part D Duals Daily|W|M-F|||N||EFT||||Y
2025-06-19|Thu|PTD_Duals|Part D Duals Daily|W|M-F|||N||EFT||||Y
2025-06-20|Fri|PTD_Duals|Part D Duals Daily|W|M-F|||N||EFT||||Y
2025-06-23|Mon|PTD_Duals|Part D Duals Daily|W|M-F|||N||EFT||||Y
2025-06-24|Tue|PTD_Duals|Part D Duals Daily|W|M-F|||N||EFT||||Y
2025-06-25|Wed|PTD_Duals|Part D Duals Daily|W|M-F|||N||EFT||||Y
2025-06-26|Thu|PTD_Duals|Part D Duals Daily|W|M-F|||N||EFT||||Y
2025-06-27|Fri|PTD_Duals|Part D Duals Daily|W|M-F|||N||EFT||||Y
2025-06-30|Mon|PTD_Duals|Part D Duals Daily|W|M-F|||N||EFT||||Y
2025-07-01|Tue|PTD_Duals|Part D Duals Daily|W|M-F|||N||EFT||||Y
2025-07-02|Wed|PTD_Duals|Part D Duals Daily|W|M-F|||N||EFT||||Y
2025-07-03|Thu|PTD_Duals|Part D Duals Daily|W|M-F|||N||EFT||||Y
2025-07-04|Fri|PTD_Duals|Part D Duals Daily|W|M-F|||N||EFT||||Y
2025-07-07|Mon|PTD_Duals|Part D Duals Daily|W|M-F|||N||EFT||||Y
2025-07-08|Tue|PTD_Duals|Part D Duals Daily|W|M-F|||N||EFT||||Y
2025-07-09|Wed|PTD_Duals|Part D Duals Daily|W|M-F|||N||EFT||||Y
2025-07-10|Thu|PTD_Duals|Part D Duals Daily|W|M-F|||N||EFT||||Y
2025-07-11|Fri|PTD_Duals|Part D Duals Daily|W|M-F|||N||EFT||||Y
2025-07-14|Mon|PTD_Duals|Part D Duals Daily|W|M-F|||N||EFT||||Y
2025-07-15|Tue|PTD_Duals|Part D Duals Daily|W|M-F|||N||EFT||||Y
2025-07-16|Wed|PTD_Duals|Part D Duals Daily|W|M-F|||N||EFT||||Y
2025-07-17|Thu|PTD_Duals|Part D Duals Daily|W|M-F|||N||EFT||||Y
2025-07-18|Fri|PTD_Duals|Part D Duals Daily|W|M-F|||N||EFT||||Y
2025-07-21|Mon|PTD_Duals|Part D Duals Daily|W|M-F|||N||EFT||||Y
2025-07-22|Tue|PTD_Duals|Part D Duals Daily|W|M-F|||N||EFT||||Y
2025-07-23|Wed|PTD_Duals|Part D Duals Daily|W|M-F|||N||EFT||||Y
2025-07-24|Thu|PTD_Duals|Part D Duals Daily|W|M-F|||N||EFT||||Y
2025-07-25|Fri|PTD_Duals|Part D Duals Daily|W|M-F|||N||EFT||||Y
2025-07-28|Mon|PTD_Duals|Part D Duals Daily|W|M-F|||N||EFT||||Y
2025-07-29|Tue|PTD_Duals|Part D Duals Daily|W|M-F|||N||EFT||||Y
2025-07-30|Wed|PTD_Duals|Part D Duals Daily|W|M-F|||N||EFT||||Y
2025-07-31|Thu|PTD_Duals|Part D Duals Daily|W|M-F|||N||EFT||||Y
2025-08-01|Fri|PTD_Duals|Part D Duals Daily|W|M-F|||N||EFT||||Y
2025-08-04|Mon|PTD_Duals|Part D Duals Daily|W|M-F|||N||EFT||||Y
2025-08-05|Tue|PTD_Duals|Part D Duals Daily|W|M-F|||N||EFT||||Y
2025-08-06|Wed|PTD_Duals|Part D Duals Daily|W|M-F|||N||EFT||||Y
2025-08-07|Thu|PTD_Duals|Part D Duals Daily|W|M-F|||N||EFT||||Y
2025-08-08|Fri|PTD_Duals|Part D Duals Daily|W|M-F|||N||EFT||||Y
2025-08-11|Mon|PTD_Duals|Part D Duals Daily|W|M-F|||N||EFT||||Y
2025-08-12|Tue|PTD_Duals|Part D Duals Daily|W|M-F|||N||EFT||||Y
2025-08-13|Wed|PTD_Duals|Part D Duals Daily|W|M-F|||N||EFT||||Y
2025-08-14|Thu|PTD_Duals|Part D Duals Daily|W|M-F|||N||EFT||||Y
2025-08-15|Fri|PTD_Duals|Part D Duals Daily|W|M-F|||N||EFT||||Y
2025-08-18|Mon|PTD_Duals|Part D Duals Daily|W|M-F|||N||EFT||||Y
2025-08-19|Tue|PTD_Duals|Part D Duals Daily|W|M-F|||N||EFT||||Y
2025-08-20|Wed|PTD_Duals|Part D Duals Daily|W|M-F|||N||EFT||||Y
2025-08-21|Thu|PTD_Duals|Part D Duals Daily|W|M-F|||N||EFT||||Y
2025-08-22|Fri|PTD_Duals|Part D Duals Daily|W|M-F|||N||EFT||||Y
2025-08-25|Mon|PTD_Duals|Part D Duals Daily|W|M-F|||N||EFT||||Y
2025-08-26|Tue|PTD_Duals|Part D Duals Daily|W|M-F|||N||EFT||||Y
2025-08-27|Wed|PTD_Duals|Part D Duals Daily|W|M-F|||N||EFT||||Y
2025-08-28|Thu|PTD_Duals|Part D Duals Daily|W|M-F|||N||EFT||||Y
2025-08-29|Fri|PTD_Duals|Part D Duals Daily|W|M-F|||N||EFT||||Y
2025-09-01|Mon|PTD_Duals|Part D Duals Daily|W|M-F|||N||EFT||||Y
2025-09-02|Tue|PTD_Duals|Part D Duals Daily|W|M-F|||N||EFT||||Y
2025-09-03|Wed|PTD_Duals|Part D Duals Daily|W|M-F|||N||EFT||||Y
2025-09-04|Thu|PTD_Duals|Part D Duals Daily|W|M-F|||N||EFT||||Y
2025-09-05|Fri|PTD_Duals|Part D Duals Daily|W|M-F|||N||EFT||||Y
2025-09-08|Mon|PTD_Duals|Part D Duals Daily|W|M-F|||N||EFT||||Y
2025-09-09|Tue|PTD_Duals|Part D Duals Daily|W|M-F|||N||EFT||||Y
2025-09-10|Wed|PTD_Duals|Part D Duals Daily|W|M-F|||N||EFT||||Y
2025-09-11|Thu|PTD_Duals|Part D Duals Daily|W|M-F|||N||EFT||||Y
2025-09-12|Fri|PTD_Duals|Part D Duals Daily|W|M-F|||N||EFT||||Y
2025-09-15|Mon|PTD_Duals|Part D Duals Daily|W|M-F|||N||EFT||||Y
2025-09-16|Tue|PTD_Duals|Part D Duals Daily|W|M-F|||N||EFT||||Y
2025-09-17|Wed|PTD_Duals|Part D Duals Daily|W|M-F|||N||EFT||||Y
2025-09-18|Thu|PTD_Duals|Part D Duals Daily|W|M-F|||N||EFT||||Y
2025-09-19|Fri|PTD_Duals|Part D Duals Daily|W|M-F|||N||EFT||||Y
2025-09-22|Mon|PTD_Duals|Part D Duals Daily|W|M-F|||N||EFT||||Y
2025-09-23|Tue|PTD_Duals|Part D Duals Daily|W|M-F|||N||EFT||||Y
2025-09-24|Wed|PTD_Duals|Part D Duals Daily|W|M-F|||N||EFT||||Y
2025-09-25|Thu|PTD_Duals|Part D Duals Daily|W|M-F|||N||EFT||||Y
2025-09-26|Fri|PTD_Duals|Part D Duals Daily|W|M-F|||N||EFT||||Y
2025-09-29|Mon|PTD_Duals|Part D Duals Daily|W|M-F|||N||EFT||||Y
2025-09-30|Tue|PTD_Duals|Part D Duals Daily|W|M-F|||N||EFT||||Y
2025-10-01|Wed|PTD_Duals|Part D Duals Daily|W|M-F|||N||EFT||||Y
2025-10-02|Thu|PTD_Duals|Part D Duals Daily|W|M-F|||N||EFT||||Y
2025-10-03|Fri|PTD_Duals|Part D Duals Daily|W|M-F|||N||EFT||||Y
2025-10-06|Mon|PTD_Duals|Part D Duals Daily|W|M-F|||N||EFT||||Y
2025-10-07|Tue|PTD_Duals|Part D Duals Daily|W|M-F|||N||EFT||||Y
2025-10-08|Wed|PTD_Duals|Part D Duals Daily|W|M-F|||N||EFT||||Y
2025-10-09|Thu|PTD_Duals|Part D Duals Daily|W|M-F|||N||EFT||||Y
2025-10-10|Fri|PTD_Duals|Part D Duals Daily|W|M-F|||N||EFT||||Y
2025-10-13|Mon|PTD_Duals|Part D Duals Daily|W|M-F|||N||EFT||||Y
2025-10-14|Tue|PTD_Duals|Part D Duals Daily|W|M-F|||N||EFT||||Y
2025-10-15|Wed|PTD_Duals|Part D Duals Daily|W|M-F|||N||EFT||||Y
2025-10-16|Thu|PTD_Duals|Part D Duals Daily|W|M-F|||N||EFT||||Y
2025-10-17|Fri|PTD_Duals|Part D Duals Daily|W|M-F|||N||EFT||||Y
2025-10-20|Mon|PTD_Duals|Part D Duals Daily|W|M-F|||N||EFT||||Y
2025-10-21|Tue|PTD_Duals|Part D Duals Daily|W|M-F|||N||EFT||||Y
2025-10-22|Wed|PTD_Duals|Part D Duals Daily|W|M-F|||N||EFT||||Y
2025-10-23|Thu|PTD_Duals|Part D Duals Daily|W|M-F|||N||EFT||||Y
2025-10-24|Fri|PTD_Duals|Part D Duals Daily|W|M-F|||N||EFT||||Y
2025-10-27|Mon|PTD_Duals|Part D Duals Daily|W|M-F|||N||EFT||||Y
2025-10-28|Tue|PTD_Duals|Part D Duals Daily|W|M-F|||N||EFT||||Y
2025-10-29|Wed|PTD_Duals|Part D Duals Daily|W|M-F|||N||EFT||||Y
2025-10-30|Thu|PTD_Duals|Part D Duals Daily|W|M-F|||N||EFT||||Y
2025-10-31|Fri|PTD_Duals|Part D Duals Daily|W|M-F|||N||EFT||||Y
2025-11-03|Mon|PTD_Duals|Part D Duals Daily|W|M-F|||N||EFT||||Y
2025-11-04|Tue|PTD_Duals|Part D Duals Daily|W|M-F|||N||EFT||||Y
2025-11-05|Wed|PTD_Duals|Part D Duals Daily|W|M-F|||N||EFT||||Y
2025-11-06|Thu|PTD_Duals|Part D Duals Daily|W|M-F|||N||EFT||||Y
2025-11-07|Fri|PTD_Duals|Part D Duals Daily|W|M-F|||N||EFT||||Y
2025-11-10|Mon|PTD_Duals|Part D Duals Daily|W|M-F|||N||EFT||||Y
2025-11-11|Tue|PTD_Duals|Part D Duals Daily|W|M-F|||N||EFT||||Y
2025-11-12|Wed|PTD_Duals|Part D Duals Daily|W|M-F|||N||EFT||||Y
2025-11-13|Thu|PTD_Duals|Part D Duals Daily|W|M-F|||N||EFT||||Y
2025-11-14|Fri|PTD_Duals|Part D Duals Daily|W|M-F|||N||EFT||||Y
2025-11-17|Mon|PTD_Duals|Part D Duals Daily|W|M-F|||N||EFT||||Y
2025-11-18|Tue|PTD_Duals|Part D Duals Daily|W|M-F|||N||EFT||||Y
2025-11-19|Wed|PTD_Duals|Part D Duals Daily|W|M-F|||N||EFT||||Y
2025-11-20|Thu|PTD_Duals|Part D Duals Daily|W|M-F|||N||EFT||||Y
2025-11-21|Fri|PTD_Duals|Part D Duals Daily|W|M-F|||N||EFT||||Y
2025-11-24|Mon|PTD_Duals|Part D Duals Daily|W|M-F|||N||EFT||||Y
2025-11-25|Tue|PTD_Duals|Part D Duals Daily|W|M-F|||N||EFT||||Y
2025-11-26|Wed|PTD_Duals|Part D Duals Daily|W|M-F|||N||EFT||||Y
2025-11-27|Thu|PTD_Duals|Part D Duals Daily|W|M-F|||N||EFT||||Y
2025-11-28|Fri|PTD_Duals|Part D Duals Daily|W|M-F|||N||EFT||||Y
2025-12-01|Mon|PTD_Duals|Part D Duals Daily|W|M-F|||N||EFT||||Y
2025-12-02|Tue|PTD_Duals|Part D Duals Daily|W|M-F|||N||EFT||||Y
2025-12-03|Wed|PTD_Duals|Part D Duals Daily|W|M-F|||N||EFT||||Y
2025-12-04|Thu|PTD_Duals|Part D Duals Daily|W|M-F|||N||EFT||||Y
2025-12-05|Fri|PTD_Duals|Part D Duals Daily|W|M-F|||N||EFT||||Y
2025-12-08|Mon|PTD_Duals|Part D Duals Daily|W|M-F|||N||EFT||||Y
2025-12-09|Tue|PTD_Duals|Part D Duals Daily|W|M-F|||N||EFT||||Y
2025-12-10|Wed|PTD_Duals|Part D Duals Daily|W|M-F|||N||EFT||||Y
2025-12-11|Thu|PTD_Duals|Part D Duals Daily|W|M-F|||N||EFT||||Y
2025-12-12|Fri|PTD_Duals|Part D Duals Daily|W|M-F|||N||EFT||||Y
2025-12-15|Mon|PTD_Duals|Part D Duals Daily|W|M-F|||N||EFT||||Y
2025-12-16|Tue|PTD_Duals|Part D Duals Daily|W|M-F|||N||EFT||||Y
2025-12-17|Wed|PTD_Duals|Part D Duals Daily|W|M-F|||N||EFT||||Y
2025-12-18|Thu|PTD_Duals|Part D Duals Daily|W|M-F|||N||EFT||||Y
2025-12-19|Fri|PTD_Duals|Part D Duals Daily|W|M-F|||N||EFT||||Y
2025-12-22|Mon|PTD_Duals|Part D Duals Daily|W|M-F|||N||EFT||||Y
2025-12-23|Tue|PTD_Duals|Part D Duals Daily|W|M-F|||N||EFT||||Y
2025-12-24|Wed|PTD_Duals|Part D Duals Daily|W|M-F|||N||EFT||||Y
2025-12-25|Thu|PTD_Duals|Part D Duals Daily|W|M-F|||N||EFT||||Y
2025-12-26|Fri|PTD_Duals|Part D Duals Daily|W|M-F|||N||EFT||||Y
2025-12-29|Mon|PTD_Duals|Part D Duals Daily|W|M-F|||N||EFT||||Y
2025-12-30|Tue|PTD_Duals|Part D Duals Daily|W|M-F|||N||EFT||||Y
2025-12-31|Wed|PTD_Duals|Part D Duals Daily|W|M-F|||N||EFT||||Y
2025-01-31|Fri|PTD_Duals|Part D Duals Monthly |M|LW|||N||EFT||||Y
2025-02-28|Fri|PTD_Duals|Part D Duals Monthly |M|LW|||N||EFT||||Y
2025-03-31|Mon|PTD_Duals|Part D Duals Monthly |M|LW|||N||EFT||||Y
2025-04-30|Wed|PTD_Duals|Part D Duals Monthly |M|LW|||N||EFT||||Y
2025-05-30|Fri|PTD_Duals|Part D Duals Monthly |M|LW|||N||EFT||||Y
2025-06-30|Mon|PTD_Duals|Part D Duals Monthly |M|LW|||N||EFT||||Y
2025-07-31|Thu|PTD_Duals|Part D Duals Monthly |M|LW|||N||EFT||||Y
2025-08-29|Fri|PTD_Duals|Part D Duals Monthly |M|LW|||N||EFT||||Y
2025-09-30|Tue|PTD_Duals|Part D Duals Monthly |M|LW|||N||EFT||||Y
2025-10-31|Fri|PTD_Duals|Part D Duals Monthly |M|LW|||N||EFT||||Y
2025-11-28|Fri|PTD_Duals|Part D Duals Monthly |M|LW|||N||EFT||||Y
2025-12-31|Wed|PTD_Duals|Part D Duals Monthly |M|LW|||N||EFT||||Y
2025-07-11|Fri|PHYZIP_SUM|PHYZIP Sum|A|  |JUL|FRI-2|N||EFT||||Y
2025-01-10|Fri|RAC|RAC - Mainframe|M|12|||N||EFT|Y|||Y
2025-02-12|Wed|RAC|RAC - Mainframe|M|12|||N||EFT|Y|||Y
2025-03-12|Wed|RAC|RAC - Mainframe|M|12|||N||EFT|Y|||Y
2025-04-11|Fri|RAC|RAC - Mainframe|M|12|||N||EFT|Y|||Y
2025-05-12|Mon|RAC|RAC - Mainframe|M|12|||N||EFT|Y|||Y
2025-06-12|Thu|RAC|RAC - Mainframe|M|12|||N||EFT|Y|||Y
2025-07-11|Fri|RAC|RAC - Mainframe|M|12|||N||EFT|Y|||Y
2025-08-12|Tue|RAC|RAC - Mainframe|M|12|||N||EFT|Y|||Y
2025-09-12|Fri|RAC|RAC - Mainframe|M|12|||N||EFT|Y|||Y
2025-10-10|Fri|RAC|RAC - Mainframe|M|12|||N||EFT|Y|||Y
2025-11-12|Wed|RAC|RAC - Mainframe|M|12|||N||EFT|Y|||Y
2025-12-12|Fri|RAC|RAC - Mainframe|M|12|||N||EFT|Y|||Y
2025-10-10|Fri|RAC|RAC - Back-up GDG before NOV 2025 run|A||OCT|12|N||EFT|Y|||Y
2025-09-12|Fri|RAC|RAC - Ask James Gao to change EFT Dest|S||SEP,OCT|12|N||EFT|Y|||Y
2025-10-10|Fri|RAC|RAC - Ask James Gao to change EFT Dest|S||SEP,OCT|12|N||EFT|Y|||Y
2025-01-15|Wed|RAND_FFS_PTA_HHA|RAND FFS - A, B, D|A||JAN|15|N||Box|N|N|N|N
2025-01-15|Wed|RAND_FFS_PTA_HOS|RAND FFS - A, B, D|A||JAN|15|N||Box|N|N|N|N
2025-01-15|Wed|RAND_FFS_PTA_CAR|RAND FFS - A, B, D|A||JAN|15|N||Box|N|N|N|N
2025-01-15|Wed|RAND_FFS_PTA_DME|RAND FFS - A, B, D|A||JAN|15|N||Box|N|N|N|N
2025-01-15|Wed|RAND_FFS_PTA_INP|RAND FFS - A, B, D|A||JAN|15|N||Box|N|N|N|N
2025-01-15|Wed|RAND_FFS_PTA_OPT|RAND FFS - A, B, D|A||JAN|15|N||Box|N|N|N|N
2025-01-15|Wed|RAND_FFS_PTA_SNF|RAND FFS - A, B, D|A||JAN|15|N||Box|N|N|N|N
2025-01-15|Wed|RAND_PTD|RAND FFS - A, B, D|A||JAN|15|N||Box|N|N|N|N
2025-09-01|Mon|SAF_ PDE|SAF PDE |A||SEP|FW|N||S3 |N|N|N|N
2025-10-24|Fri|SAFENC_ CAR|SAFENC - CAR  (Final)|S||OCT|24|N||EFT|Y||Y|N
2025-03-31|Mon|SAFENC_CAR|SAFENC - CAR  (Early)|S||MAR|9|N||EFT|Y||Y|N
2025-10-31|Fri|SAFENC_DME|SAFENC - DME  (Final)|S||OCT|8|N||EFT|Y||Y|N
2025-03-31|Mon|SAFENC_DME|SAFENC - DME  (Early)|S||MAR|5|N||EFT|Y||Y|N
2025-09-11|Thu|SAFENC_HHA|SAFENC - HHA  (Final)|S||SEP|11|N||EFT|Y||Y|N
2025-02-28|Fri|SAFENC_HHA|SAFENC - HHA  (Early)|S||FEB|7|N||EFT|Y||Y|N
2025-09-29|Mon|SAF_ENC_INP_SNF|SAFENC - INP  (Final)|S||SEP|29|N||EFT|Y||Y|N
2025-02-26|Wed|SAF_ENC_INP_SNF|SAFENC - INP  (Early)|S||FEB|26|N||EFT|Y||Y|N
2025-09-25|Thu|SAFENC_ OPT|SAFENC - OPT  (Final)|S||SEP|25|N||EFT|Y||Y|N
2025-02-12|Wed|SAFENC_ OPT|SAFENC - OPT  (Early)|S||FEB|12|N||EFT|Y||Y|N
2025-10-31|Fri|SAF_ENC_INP_SNF|SAFENC - SNF  (Final)|S||OCT|5|N||EFT|Y||Y|N
2025-02-28|Fri|SAF_ENC_INP_SNF|SAFENC - SNF  (Early)|S||FEB|28|N||EFT|Y||Y|N
2025-01-10|Fri|STS_HHA_AA7|STS HHA AA7 - (A4A)|S||JAN,JUL|FRI-2|N||Box|N|||Y
2025-07-11|Fri|STS_HHA_AA7|STS HHA AA7 - (A4A)|S||JAN,JUL|FRI-2|N||Box|N|||Y
2025-01-10|Fri|STS_HHA_RevCtr_Rpts|STS HHA Rev Ctrs Rpt - (AA5)|S||JAN,JUL|FRI-2|N||Box|N|||Y
2025-07-11|Fri|STS_HHA_RevCtr_Rpts|STS HHA Rev Ctrs Rpt - (AA5)|S||JAN,JUL|FRI-2|N||Box|N|||Y
2025-01-10|Fri|STS_HHA_Facility_Rpt|STS HHA Facility Rpt - (AA4)|S||JAN,APR,JUL,OCT|FRI-2|N||Box|N|||Y
2025-04-11|Fri|STS_HHA_Facility_Rpt|STS HHA Facility Rpt - (AA4)|S||JAN,APR,JUL,OCT|FRI-2|N||Box|N|||Y
2025-07-11|Fri|STS_HHA_Facility_Rpt|STS HHA Facility Rpt - (AA4)|S||JAN,APR,JUL,OCT|FRI-2|N||Box|N|||Y
2025-10-10|Fri|STS_HHA_Facility_Rpt|STS HHA Facility Rpt - (AA4)|S||JAN,APR,JUL,OCT|FRI-2|N||Box|N|||Y
2025-01-10|Fri|STS_HOS_Facility_Rpt|STS HOS Facility Rpt -  (AA6)|S||JAN,APR,JUL,OCT|FRI-2|N||Box|N|||Y
2025-04-11|Fri|STS_HOS_Facility_Rpt|STS HOS Facility Rpt -  (AA6)|S||JAN,APR,JUL,OCT|FRI-2|N||Box|N|||Y
2025-07-11|Fri|STS_HOS_Facility_Rpt|STS HOS Facility Rpt -  (AA6)|S||JAN,APR,JUL,OCT|FRI-2|N||Box|N|||Y
2025-10-10|Fri|STS_HOS_Facility_Rpt|STS HOS Facility Rpt -  (AA6)|S||JAN,APR,JUL,OCT|FRI-2|N||Box|N|||Y
2025-01-10|Fri|STS_MED_INS_Tbl_Rpts|STS Med Ins Rpt - (BB2A)|S||JAN,JUL|FRI-2|N||Box|N|||Y
2025-07-11|Fri|STS_MED_INS_Tbl_Rpts|STS Med Ins Rpt - (BB2A)|S||JAN,JUL|FRI-2|N||Box|N|||Y
2025-01-10|Fri|STS_MED_INS_MN_Rpts|STS Med Ins MN Rpt - (BB2A)|S||JAN,JUL|FRI-2|N||Box|N|||Y
2025-07-11|Fri|STS_MED_INS_MN_Rpts|STS Med Ins MN Rpt - (BB2A)|S||JAN,JUL|FRI-2|N||Box|N|||Y
2025-01-10|Fri|STS_PTA_BillsPymts_Rpts|STS PTA Bills Paymts Rpt - (A-1AB)|S||JAN,JUL|FRI-2|N||Box|N|||Y
2025-07-11|Fri|STS_PTA_BillsPymts_Rpts|STS PTA Bills Paymts Rpt - (A-1AB)|S||JAN,JUL|FRI-2|N||Box|N|||Y
2025-01-10|Fri|STS_PTA_BillsPymts_MN_Rpts|STS PTA Bills Paymts MN Rpt - (A-1AB) |S||JAN,JUL|FRI-2|N||Box|N|||Y
2025-07-11|Fri|STS_PTA_BillsPymts_MN_Rpts|STS PTA Bills Paymts MN Rpt - (A-1AB) |S||JAN,JUL|FRI-2|N||Box|N|||Y
2025-01-10|Fri|STS_SNF_RPTS|STS SNF Rpt - (AA8)|Q||JAN,APR,JUL,OCT|FRI-2|N||Box|N|||Y
2025-04-11|Fri|STS_SNF_RPTS|STS SNF Rpt - (AA8)|Q||JAN,APR,JUL,OCT|FRI-2|N||Box|N|||Y
2025-07-11|Fri|STS_SNF_RPTS|STS SNF Rpt - (AA8)|Q||JAN,APR,JUL,OCT|FRI-2|N||Box|N|||Y
2025-10-10|Fri|STS_SNF_RPTS|STS SNF Rpt - (AA8)|Q||JAN,APR,JUL,OCT|FRI-2|N||Box|N|||Y
2025-01-01|Wed|TRICARE|Tricare|W|WED|||Y|MF|EFT|Y|||N
2025-01-08|Wed|TRICARE|Tricare|W|WED|||Y|MF|EFT|Y|||N
2025-01-15|Wed|TRICARE|Tricare|W|WED|||Y|MF|EFT|Y|||N
2025-01-22|Wed|TRICARE|Tricare|W|WED|||Y|MF|EFT|Y|||N
2025-01-29|Wed|TRICARE|Tricare|W|WED|||Y|MF|EFT|Y|||N
2025-02-05|Wed|TRICARE|Tricare|W|WED|||Y|MF|EFT|Y|||N
2025-02-12|Wed|TRICARE|Tricare|W|WED|||Y|MF|EFT|Y|||N
2025-02-19|Wed|TRICARE|Tricare|W|WED|||Y|MF|EFT|Y|||N
2025-02-26|Wed|TRICARE|Tricare|W|WED|||Y|MF|EFT|Y|||N
2025-03-05|Wed|TRICARE|Tricare|W|WED|||Y|MF|EFT|Y|||N
2025-03-12|Wed|TRICARE|Tricare|W|WED|||Y|MF|EFT|Y|||N
2025-03-19|Wed|TRICARE|Tricare|W|WED|||Y|MF|EFT|Y|||N
2025-03-26|Wed|TRICARE|Tricare|W|WED|||Y|MF|EFT|Y|||N
2025-04-02|Wed|TRICARE|Tricare|W|WED|||Y|MF|EFT|Y|||N
2025-04-09|Wed|TRICARE|Tricare|W|WED|||Y|MF|EFT|Y|||N
2025-04-16|Wed|TRICARE|Tricare|W|WED|||Y|MF|EFT|Y|||N
2025-04-23|Wed|TRICARE|Tricare|W|WED|||Y|MF|EFT|Y|||N
2025-04-30|Wed|TRICARE|Tricare|W|WED|||Y|MF|EFT|Y|||N
2025-05-07|Wed|TRICARE|Tricare|W|WED|||Y|MF|EFT|Y|||N
2025-05-14|Wed|TRICARE|Tricare|W|WED|||Y|MF|EFT|Y|||N
2025-05-21|Wed|TRICARE|Tricare|W|WED|||Y|MF|EFT|Y|||N
2025-05-28|Wed|TRICARE|Tricare|W|WED|||Y|MF|EFT|Y|||N
2025-06-04|Wed|TRICARE|Tricare|W|WED|||Y|MF|EFT|Y|||N
2025-06-11|Wed|TRICARE|Tricare|W|WED|||Y|MF|EFT|Y|||N
2025-06-18|Wed|TRICARE|Tricare|W|WED|||Y|MF|EFT|Y|||N
2025-06-25|Wed|TRICARE|Tricare|W|WED|||Y|MF|EFT|Y|||N
2025-07-02|Wed|TRICARE|Tricare|W|WED|||Y|MF|EFT|Y|||N
2025-07-09|Wed|TRICARE|Tricare|W|WED|||Y|MF|EFT|Y|||N
2025-07-16|Wed|TRICARE|Tricare|W|WED|||Y|MF|EFT|Y|||N
2025-07-23|Wed|TRICARE|Tricare|W|WED|||Y|MF|EFT|Y|||N
2025-07-30|Wed|TRICARE|Tricare|W|WED|||Y|MF|EFT|Y|||N
2025-08-06|Wed|TRICARE|Tricare|W|WED|||Y|MF|EFT|Y|||N
2025-08-13|Wed|TRICARE|Tricare|W|WED|||Y|MF|EFT|Y|||N
2025-08-20|Wed|TRICARE|Tricare|W|WED|||Y|MF|EFT|Y|||N
2025-08-27|Wed|TRICARE|Tricare|W|WED|||Y|MF|EFT|Y|||N
2025-09-03|Wed|TRICARE|Tricare|W|WED|||Y|MF|EFT|Y|||N
2025-09-10|Wed|TRICARE|Tricare|W|WED|||Y|MF|EFT|Y|||N
2025-09-17|Wed|TRICARE|Tricare|W|WED|||Y|MF|EFT|Y|||N
2025-09-24|Wed|TRICARE|Tricare|W|WED|||Y|MF|EFT|Y|||N
2025-10-01|Wed|TRICARE|Tricare|W|WED|||Y|MF|EFT|Y|||N
2025-10-08|Wed|TRICARE|Tricare|W|WED|||Y|MF|EFT|Y|||N
2025-10-15|Wed|TRICARE|Tricare|W|WED|||Y|MF|EFT|Y|||N
2025-10-22|Wed|TRICARE|Tricare|W|WED|||Y|MF|EFT|Y|||N
2025-10-29|Wed|TRICARE|Tricare|W|WED|||Y|MF|EFT|Y|||N
2025-11-05|Wed|TRICARE|Tricare|W|WED|||Y|MF|EFT|Y|||N
2025-11-12|Wed|TRICARE|Tricare|W|WED|||Y|MF|EFT|Y|||N
2025-11-19|Wed|TRICARE|Tricare|W|WED|||Y|MF|EFT|Y|||N
2025-11-26|Wed|TRICARE|Tricare|W|WED|||Y|MF|EFT|Y|||N
2025-12-03|Wed|TRICARE|Tricare|W|WED|||Y|MF|EFT|Y|||N
2025-12-10|Wed|TRICARE|Tricare|W|WED|||Y|MF|EFT|Y|||N
2025-12-17|Wed|TRICARE|Tricare|W|WED|||Y|MF|EFT|Y|||N
2025-12-24|Wed|TRICARE|Tricare|W|WED|||Y|MF|EFT|Y|||N
2025-12-31|Wed|TRICARE|Tricare|W|WED|||Y|MF|EFT|Y|||N
2025-03-03|Mon|VAPTD|VA Part D|Q||MAR,JUN,SEP,DEC|FW|Y||VA Box|N|||N
2025-06-02|Mon|VAPTD|VA Part D|Q||MAR,JUN,SEP,DEC|FW|Y||VA Box|N|||N
2025-09-01|Mon|VAPTD|VA Part D|Q||MAR,JUN,SEP,DEC|FW|Y||VA Box|N|||N
2025-12-01|Mon|VAPTD|VA Part D|Q||MAR,JUN,SEP,DEC|FW|Y||VA Box|N|||N
2025-08-29|Fri|VARTN|VA Return -  (Heads-Up)|A||AUG|LW|Y||VA Box||Y||N
2025-04-01|Tue|WA  MED ENRLMT MS|Washington St Medicare Enrollment (MS)|A||APR|1|N||SUB|N|N|N|Y
